#
# There is insufficient memory for the Java Runtime Environment to continue.
# Native memory allocation (malloc) failed to allocate 1216016 bytes. Error detail: Chunk::new
# Possible reasons:
#   The system is out of physical RAM or swap space
#   This process is running with CompressedOops enabled, and the Java Heap may be blocking the growth of the native heap
# Possible solutions:
#   Reduce memory load on the system
#   Increase physical memory or swap space
#   Check if swap backing store is full
#   Decrease Java heap size (-Xmx/-Xms)
#   Decrease number of Java threads
#   Decrease Java thread stack sizes (-Xss)
#   Set larger code cache with -XX:ReservedCodeCacheSize=
#   JVM is running with Unscaled Compressed Oops mode in which the Java heap is
#     placed in the first 4GB address space. The Java Heap base address is the
#     maximum limit for the native heap growth. Please use -XX:HeapBaseMinAddress
#     to set the Java Heap base and to place the Java Heap above 4GB virtual address.
# This output file may be truncated or incomplete.
#
#  Out of Memory Error (arena.cpp:191), pid=45904, tid=36952
#
# JRE version: OpenJDK Runtime Environment Temurin-17.0.19+10 (17.0.19+10) (build 17.0.19+10)
# Java VM: OpenJDK 64-Bit Server VM Temurin-17.0.19+10 (17.0.19+10, mixed mode, sharing, tiered, compressed oops, compressed class ptrs, g1 gc, windows-amd64)
# No core dump will be written. Minidumps are not enabled by default on client versions of Windows
#

---------------  S U M M A R Y ------------

Command Line: --add-opens=java.base/java.lang=ALL-UNNAMED --add-opens=java.base/java.lang.invoke=ALL-UNNAMED --add-opens=java.base/java.util=ALL-UNNAMED --add-opens=java.prefs/java.util.prefs=ALL-UNNAMED --add-exports=jdk.compiler/com.sun.tools.javac.api=ALL-UNNAMED --add-exports=jdk.compiler/com.sun.tools.javac.util=ALL-UNNAMED --add-opens=java.base/java.util=ALL-UNNAMED --add-opens=java.prefs/java.util.prefs=ALL-UNNAMED --add-opens=java.base/java.nio.charset=ALL-UNNAMED --add-opens=java.base/java.net=ALL-UNNAMED --add-opens=java.base/java.util.concurrent.atomic=ALL-UNNAMED --add-opens=java.xml/javax.xml.namespace=ALL-UNNAMED -XX:MaxMetaspaceSize=512m -Xmx2048m -Dfile.encoding=windows-1252 -Duser.country=IN -Duser.language=en -Duser.variant -javaagent:C:\Users\Herman\.gradle\wrapper\dists\gradle-8.14.3-bin\cv11ve7ro1n3o1j4so8xd9n66\gradle-8.14.3\lib\agents\gradle-instrumentation-agent-8.14.3.jar org.gradle.launcher.daemon.bootstrap.GradleDaemon 8.14.3

Host: Intel(R) Xeon(R) E-2176M  CPU @ 2.70GHz, 12 cores, 31G,  Windows 11 , 64 bit Build 26100 (10.0.26100.8875)
Time: Wed Jul 22 14:53:55 2026 India Standard Time elapsed time: 110.817639 seconds (0d 0h 1m 50s)

---------------  T H R E A D  ---------------

Current thread (0x0000026e2105e860):  JavaThread "C2 CompilerThread1" daemon [_thread_in_native, id=36952, stack(0x0000007e1f300000,0x0000007e1f400000)]


Current CompileTask:
C2:110817 55506       4       com.intellij.psi.stubs.MaterialStubList$1::visitStub (110 bytes)

Stack: [0x0000007e1f300000,0x0000007e1f400000]
Native frames: (J=compiled Java code, j=interpreted, Vv=VM code, C=native code)
V  [jvm.dll+0x684b29]
V  [jvm.dll+0x83a2d5]
V  [jvm.dll+0x83bd4e]
V  [jvm.dll+0x83c3d3]
V  [jvm.dll+0x24905f]
V  [jvm.dll+0xad536]
V  [jvm.dll+0xadbdc]
V  [jvm.dll+0x368d4f]
V  [jvm.dll+0x1bc2bf]
V  [jvm.dll+0x219fc0]
V  [jvm.dll+0x2192af]
V  [jvm.dll+0x1a49f0]
V  [jvm.dll+0x2299fa]
V  [jvm.dll+0x227bab]
V  [jvm.dll+0x7f0a88]
V  [jvm.dll+0x7eaf1c]
V  [jvm.dll+0x6839f7]
C  [ucrtbase.dll+0x2cd30]
C  [KERNEL32.DLL+0x2e957]
C  [ntdll.dll+0xaad6c]


---------------  P R O C E S S  ---------------

Threads class SMR info:
_java_thread_list=0x0000026e2ade4050, length=285, elements={
0x0000026e55291f80, 0x0000026e73bd3da0, 0x0000026e73bd4870, 0x0000026e73bf5a60,
0x0000026e73bf8340, 0x0000026e73bf8c10, 0x0000026e73bfc500, 0x0000026e73c018d0,
0x0000026e73cf6020, 0x0000026e73d247f0, 0x0000026e73d242e0, 0x0000026e73d21550,
0x0000026e73d21040, 0x0000026e73d21a60, 0x0000026e73d21f70, 0x0000026e73d22480,
0x0000026e73d22990, 0x0000026e73d233b0, 0x0000026e73d238c0, 0x0000026e73d23dd0,
0x0000026e7a6d9e00, 0x0000026e7a6d7fa0, 0x0000026e7a6da820, 0x0000026e7a6d84b0,
0x0000026e7a6d98f0, 0x0000026e7a6d7580, 0x0000026e7a6d7070, 0x0000026e7a6d7a90,
0x0000026e7a6d89c0, 0x0000026e7c47cf80, 0x0000026e7c47d490, 0x0000026e7c47a700,
0x0000026e7c47deb0, 0x0000026e7c47b630, 0x0000026e7c47e3c0, 0x0000026e7c47ac10,
0x0000026e7c47e8d0, 0x0000026e7c47ede0, 0x0000026e7c47bb40, 0x0000026e7c481b70,
0x0000026e7c481150, 0x0000026e7c47fd10, 0x0000026e7c47f800, 0x0000026e7c480220,
0x0000026e7c480730, 0x0000026e7c481660, 0x0000026e7b6bd920, 0x0000026e7b6bcf00,
0x0000026e7b6be340, 0x0000026e7b6bc4e0, 0x0000026e7b6bb0a0, 0x0000026e7b6bbfd0,
0x0000026e7b6bc9f0, 0x0000026e7b6bde30, 0x0000026e7b6be850, 0x0000026e7b6bed60,
0x0000026e7b6bb5b0, 0x0000026e7b6bd410, 0x0000026e7b6bf270, 0x0000026e7b6bbac0,
0x0000026e7b6c06b0, 0x0000026e7b6bfc90, 0x0000026e7b6c0bc0, 0x0000026e7b6bf780,
0x0000026e7b6c01a0, 0x0000026e7b6c1af0, 0x0000026e7b6c10d0, 0x0000026e7b6c2510,
0x0000026e7b6c15e0, 0x0000026e7b6c2a20, 0x0000026e7b6c2000, 0x0000026e7d6331b0,
0x0000026e7d634b00, 0x0000026e7d635010, 0x0000026e7d633bd0, 0x0000026e7d6345f0,
0x0000026e7d6340e0, 0x0000026e7d635520, 0x0000026e7d635a30, 0x0000026e7d635f40,
0x0000026e7d632ca0, 0x0000026e7d636960, 0x0000026e7d636e70, 0x0000026e7d6336c0,
0x0000026e7d6396f0, 0x0000026e7d638cd0, 0x0000026e7d637380, 0x0000026e7d637890,
0x0000026e7d6391e0, 0x0000026e7d637da0, 0x0000026e7d6382b0, 0x0000026e7d639c00,
0x0000026e7dd78430, 0x0000026e7dd756a0, 0x0000026e7dd74c80, 0x0000026e7dd77500,
0x0000026e7dd77a10, 0x0000026e7dd75bb0, 0x0000026e7dd77f20, 0x0000026e7dd78940,
0x0000026e7dd75190, 0x0000026e7dd76ff0, 0x0000026e7dd78e50, 0x0000026e7dd79360,
0x0000026e7dd79870, 0x0000026e7dd79d80, 0x0000026e7dd765d0, 0x0000026e7dd7a290,
0x0000026e7dd7c600, 0x0000026e7dd7b6d0, 0x0000026e7dd7a7a0, 0x0000026e7dd7c0f0,
0x0000026e7dd7acb0, 0x0000026e7dd7bbe0, 0x0000026e7dd7b1c0, 0x0000026e7aedddd0,
0x0000026e7aedc480, 0x0000026e7aedf210, 0x0000026e7aedfc30, 0x0000026e7aedf720,
0x0000026e7aedc990, 0x0000026e7aede2e0, 0x0000026e7aede7f0, 0x0000026e7aedcea0,
0x0000026e7aedd3b0, 0x0000026e7aedd8c0, 0x0000026e7aeded00, 0x0000026e7f0062d0,
0x0000026e7f006cf0, 0x0000026e7f008640, 0x0000026e7f007710, 0x0000026e7f007200,
0x0000026e7f008b50, 0x0000026e7f007c20, 0x0000026e7f008130, 0x0000026e7f005dc0,
0x0000026e7f009f90, 0x0000026e7f00c810, 0x0000026e7f00cd20, 0x0000026e7f00a9b0,
0x0000026e7f00d230, 0x0000026e7f00a4a0, 0x0000026e7f00aec0, 0x0000026e7f00b3d0,
0x0000026e7f00b8e0, 0x0000026e7f00bdf0, 0x0000026e7f00c300, 0x0000026e7c47a1f0,
0x0000026e7c47c050, 0x0000026e73d22ea0, 0x0000026e7d9f2640, 0x0000026e7d9f1710,
0x0000026e7d9f3570, 0x0000026e7d9efdc0, 0x0000026e7d9f0cf0, 0x0000026e7d9f02d0,
0x0000026e7d9f3a80, 0x0000026e7d9f1200, 0x0000026e7d9f3f90, 0x0000026e7d9f2130,
0x0000026e7d9f07e0, 0x0000026e7d9f44a0, 0x0000026e7d9f49b0, 0x0000026e7d9f4ec0,
0x0000026e7d9f53d0, 0x0000026e7d9f1c20, 0x0000026e7d9f58e0, 0x0000026e7d9f5df0,
0x0000026e7d9f6300, 0x0000026e7d9f2b50, 0x0000026e7d9f6810, 0x0000026e7d9f6d20,
0x0000026e7d9f7230, 0x0000026e7d9f7740, 0x0000026e1f91d0c0, 0x0000026e1f91cbb0,
0x0000026e1f91bc80, 0x0000026e1f91b770, 0x0000026e1f91c190, 0x0000026e1f91b260,
0x0000026e1f91fe50, 0x0000026e1f91dae0, 0x0000026e1f91dff0, 0x0000026e1f91e500,
0x0000026e1f91d5d0, 0x0000026e1f91f430, 0x0000026e1f91ea10, 0x0000026e1f91c6a0,
0x0000026e1f921cb0, 0x0000026e1f921290, 0x0000026e1f9217a0, 0x0000026e1f9226d0,
0x0000026e7baa5880, 0x0000026e7baa4950, 0x0000026e7baa4440, 0x0000026e7baa62a0,
0x0000026e7baa3000, 0x0000026e7baa3f30, 0x0000026e7baa3510, 0x0000026e7baa71d0,
0x0000026e7baa8610, 0x0000026e7baa76e0, 0x0000026e7baa7bf0, 0x0000026e7baa3a20,
0x0000026e7baa9f60, 0x0000026e7baa9030, 0x0000026e7baa9540, 0x0000026e7ef54770,
0x0000026e7ef560c0, 0x0000026e7ef565d0, 0x0000026e7ef52e20, 0x0000026e7ef56ae0,
0x0000026e7ef53330, 0x0000026e7ef57500, 0x0000026e2105e860, 0x0000026e7ef5cb10,
0x0000026e7ef5da40, 0x0000026e7ef5e460, 0x0000026e7ef5acb0, 0x0000026e7ef5e970,
0x0000026e7ef5ee80, 0x0000026e7ef5b6d0, 0x0000026e7ef5f390, 0x0000026e7ef5f8a0,
0x0000026e7ef5c0f0, 0x0000026e7ef5fdb0, 0x0000026e7ef602c0, 0x0000026e7ef607d0,
0x0000026e7ef60ce0, 0x0000026e7ef611f0, 0x0000026e7baa8100, 0x0000026e7a6d93e0,
0x0000026e7d9f3060, 0x0000026e2105f850, 0x0000026e7dd760c0, 0x0000026e7ef5df50,
0x0000026e20088280, 0x0000026e2008b010, 0x0000026e20089bd0, 0x0000026e200891b0,
0x0000026e2008ba30, 0x0000026e2008b520, 0x0000026e2008bf40, 0x0000026e20088790,
0x0000026e2008d890, 0x0000026e2008fc00, 0x0000026e2008f1e0, 0x0000026e2008c450,
0x0000026e2008e2b0, 0x0000026e2008e7c0, 0x0000026e2008ecd0, 0x0000026e20090110,
0x0000026e20090b30, 0x0000026e200947f0, 0x0000026e20095c30, 0x0000026e20096140,
0x0000026e20095210, 0x0000026e7ef58e50, 0x0000026e7ef59870, 0x0000026e7f0058b0,
0x0000026e7f0067e0, 0x0000026e7baa67b0, 0x0000026e2a3529d0, 0x0000026e2a351590,
0x0000026e2a3533f0, 0x0000026e2a355760, 0x0000026e2a352ee0, 0x0000026e2a3524c0,
0x0000026e2a354320, 0x0000026e2a354830, 0x0000026e2a358f10, 0x0000026e2a359e40,
0x0000026e2a35a860, 0x0000026e2a3570b0, 0x0000026e2a35ad70, 0x0000026e2a3575c0,
0x0000026e2a35b280, 0x0000026e2a35cbd0, 0x0000026e2a35bca0, 0x0000026e2a35c1b0,
0x0000026e2a35db00, 0x0000026e2a35f450, 0x0000026e22d32e40, 0x0000026e22d32930,
0x0000026e2d37c070
}

Java Threads: ( => current thread )
  0x0000026e55291f80 JavaThread "main" [_thread_blocked, id=45452, stack(0x0000007e1f600000,0x0000007e1f700000)]
  0x0000026e73bd3da0 JavaThread "Reference Handler" daemon [_thread_blocked, id=42292, stack(0x0000007e1fd00000,0x0000007e1fe00000)]
  0x0000026e73bd4870 JavaThread "Finalizer" daemon [_thread_blocked, id=19404, stack(0x0000007e1fe00000,0x0000007e1ff00000)]
  0x0000026e73bf5a60 JavaThread "Signal Dispatcher" daemon [_thread_blocked, id=49656, stack(0x0000007e1ff00000,0x0000007e20000000)]
  0x0000026e73bf8340 JavaThread "Attach Listener" daemon [_thread_blocked, id=18236, stack(0x0000007e20000000,0x0000007e20100000)]
  0x0000026e73bf8c10 JavaThread "Service Thread" daemon [_thread_blocked, id=16848, stack(0x0000007e20100000,0x0000007e20200000)]
  0x0000026e73bfc500 JavaThread "Monitor Deflation Thread" daemon [_thread_blocked, id=22680, stack(0x0000007e20200000,0x0000007e20300000)]
  0x0000026e73c018d0 JavaThread "C2 CompilerThread0" daemon [_thread_in_native, id=46004, stack(0x0000007e20300000,0x0000007e20400000)]
  0x0000026e73cf6020 JavaThread "C1 CompilerThread0" daemon [_thread_in_native, id=45944, stack(0x0000007e20400000,0x0000007e20500000)]
  0x0000026e73d247f0 JavaThread "Sweeper thread" daemon [_thread_blocked, id=45380, stack(0x0000007e20500000,0x0000007e20600000)]
  0x0000026e73d242e0 JavaThread "Common-Cleaner" daemon [_thread_blocked, id=51460, stack(0x0000007e20600000,0x0000007e20700000)]
  0x0000026e73d21550 JavaThread "Notification Thread" daemon [_thread_blocked, id=47852, stack(0x0000007e20800000,0x0000007e20900000)]
  0x0000026e73d21040 JavaThread "Daemon health stats" [_thread_blocked, id=37104, stack(0x0000007e21400000,0x0000007e21500000)]
  0x0000026e73d21a60 JavaThread "Incoming local TCP Connector on port 55372" [_thread_in_native, id=44680, stack(0x0000007e20a00000,0x0000007e20b00000)]
  0x0000026e73d21f70 JavaThread "Daemon periodic checks" [_thread_blocked, id=23104, stack(0x0000007e21500000,0x0000007e21600000)]
  0x0000026e73d22480 JavaThread "Daemon" [_thread_blocked, id=11632, stack(0x0000007e21600000,0x0000007e21700000)]
  0x0000026e73d22990 JavaThread "Handler for socket connection from /127.0.0.1:55372 to /127.0.0.1:55373" [_thread_in_native, id=29076, stack(0x0000007e21700000,0x0000007e21800000)]
  0x0000026e73d233b0 JavaThread "Cancel handler" [_thread_blocked, id=42068, stack(0x0000007e21800000,0x0000007e21900000)]
  0x0000026e73d238c0 JavaThread "Daemon worker" [_thread_blocked, id=51696, stack(0x0000007e21900000,0x0000007e21a00000)]
  0x0000026e73d23dd0 JavaThread "Asynchronous log dispatcher for DefaultDaemonConnection: socket connection from /127.0.0.1:55372 to /127.0.0.1:55373" [_thread_blocked, id=11700, stack(0x0000007e21a00000,0x0000007e21b00000)]
  0x0000026e7a6d9e00 JavaThread "Stdin handler" [_thread_blocked, id=39688, stack(0x0000007e21b00000,0x0000007e21c00000)]
  0x0000026e7a6d7fa0 JavaThread "Daemon client event forwarder" [_thread_blocked, id=7856, stack(0x0000007e21c00000,0x0000007e21d00000)]
  0x0000026e7a6da820 JavaThread "Cache worker for journal cache (C:\Users\Herman\.gradle\caches\journal-1)" [_thread_blocked, id=51600, stack(0x0000007e21d00000,0x0000007e21e00000)]
  0x0000026e7a6d84b0 JavaThread "File lock request listener" [_thread_in_native, id=14576, stack(0x0000007e21e00000,0x0000007e21f00000)]
  0x0000026e7a6d98f0 JavaThread "Cache worker for file hash cache (C:\Users\Herman\.gradle\caches\8.14.3\fileHashes)" [_thread_blocked, id=50556, stack(0x0000007e21f00000,0x0000007e22000000)]
  0x0000026e7a6d7580 JavaThread "Cache worker for file hash cache (C:\Users\Herman\Projects\ice-cream-erp\frontend\android\.gradle\8.14.3\fileHashes)" [_thread_blocked, id=40252, stack(0x0000007e22100000,0x0000007e22200000)]
  0x0000026e7a6d7070 JavaThread "Cache worker for Build Output Cleanup Cache (C:\Users\Herman\Projects\ice-cream-erp\frontend\android\.gradle\buildOutputCleanup)" [_thread_blocked, id=48504, stack(0x0000007e22200000,0x0000007e22300000)]
  0x0000026e7a6d7a90 JavaThread "File watcher server" daemon [_thread_in_native, id=51364, stack(0x0000007e22500000,0x0000007e22600000)]
  0x0000026e7a6d89c0 JavaThread "File watcher consumer" daemon [_thread_blocked, id=46700, stack(0x0000007e22600000,0x0000007e22700000)]
  0x0000026e7c47cf80 JavaThread "jar transforms" [_thread_blocked, id=41720, stack(0x0000007e22700000,0x0000007e22800000)]
  0x0000026e7c47d490 JavaThread "Cache worker for checksums cache (C:\Users\Herman\Projects\ice-cream-erp\frontend\android\.gradle\8.14.3\checksums)" [_thread_blocked, id=26676, stack(0x0000007e22800000,0x0000007e22900000)]
  0x0000026e7c47a700 JavaThread "Cache worker for file content cache (C:\Users\Herman\.gradle\caches\8.14.3\fileContent)" [_thread_blocked, id=2028, stack(0x0000007e22900000,0x0000007e22a00000)]
  0x0000026e7c47deb0 JavaThread "Exec process" [_thread_in_native, id=15340, stack(0x0000007e22a00000,0x0000007e22b00000)]
  0x0000026e7c47b630 JavaThread "Exec process Thread 2" [_thread_blocked, id=16012, stack(0x0000007e22b00000,0x0000007e22c00000)]
  0x0000026e7c47e3c0 JavaThread "Exec process Thread 3" [_thread_blocked, id=49060, stack(0x0000007e22c00000,0x0000007e22d00000)]
  0x0000026e7c47ac10 JavaThread "Cache worker for cache directory md-supplier (C:\Users\Herman\.gradle\caches\8.14.3\md-supplier)" [_thread_blocked, id=51580, stack(0x0000007e22d00000,0x0000007e22e00000)]
  0x0000026e7c47e8d0 JavaThread "Cache worker for cache directory md-rule (C:\Users\Herman\.gradle\caches\8.14.3\md-rule)" [_thread_blocked, id=18868, stack(0x0000007e22e00000,0x0000007e22f00000)]
  0x0000026e7c47ede0 JavaThread "Cache worker for Build Output Cleanup Cache (C:\Users\Herman\Projects\ice-cream-erp\frontend\node_modules\@react-native\gradle-plugin\.gradle\buildOutputCleanup)" [_thread_blocked, id=28016, stack(0x0000007e22f00000,0x0000007e23000000)]
  0x0000026e7c47bb40 JavaThread "Unconstrained build operations" [_thread_blocked, id=11232, stack(0x0000007e22000000,0x0000007e22100000)]
  0x0000026e7c481b70 JavaThread "Unconstrained build operations Thread 2" [_thread_blocked, id=9352, stack(0x0000007e23100000,0x0000007e23200000)]
  0x0000026e7c481150 JavaThread "Unconstrained build operations Thread 3" [_thread_blocked, id=32788, stack(0x0000007e23200000,0x0000007e23300000)]
  0x0000026e7c47fd10 JavaThread "Unconstrained build operations Thread 4" [_thread_blocked, id=45260, stack(0x0000007e23300000,0x0000007e23400000)]
  0x0000026e7c47f800 JavaThread "Unconstrained build operations Thread 5" [_thread_blocked, id=35736, stack(0x0000007e23400000,0x0000007e23500000)]
  0x0000026e7c480220 JavaThread "Unconstrained build operations Thread 6" [_thread_blocked, id=7860, stack(0x0000007e23500000,0x0000007e23600000)]
  0x0000026e7c480730 JavaThread "Cache worker for Build Output Cleanup Cache (C:\Users\Herman\Projects\ice-cream-erp\frontend\node_modules\expo-modules-autolinking\android\expo-gradle-plugin\.gradle\buildOutputCleanup)" [_thread_blocked, id=46824, stack(0x0000007e23600000,0x0000007e23700000)]
  0x0000026e7c481660 JavaThread "Unconstrained build operations Thread 7" [_thread_blocked, id=14676, stack(0x0000007e23700000,0x0000007e23800000)]
  0x0000026e7b6bd920 JavaThread "Unconstrained build operations Thread 8" [_thread_blocked, id=43084, stack(0x0000007e23800000,0x0000007e23900000)]
  0x0000026e7b6bcf00 JavaThread "Unconstrained build operations Thread 9" [_thread_blocked, id=52104, stack(0x0000007e23900000,0x0000007e23a00000)]
  0x0000026e7b6be340 JavaThread "Unconstrained build operations Thread 10" [_thread_blocked, id=22900, stack(0x0000007e23a00000,0x0000007e23b00000)]
  0x0000026e7b6bc4e0 JavaThread "Unconstrained build operations Thread 11" [_thread_blocked, id=23388, stack(0x0000007e23b00000,0x0000007e23c00000)]
  0x0000026e7b6bb0a0 JavaThread "Unconstrained build operations Thread 12" [_thread_blocked, id=52068, stack(0x0000007e23c00000,0x0000007e23d00000)]
  0x0000026e7b6bbfd0 JavaThread "Unconstrained build operations Thread 13" [_thread_blocked, id=50560, stack(0x0000007e23d00000,0x0000007e23e00000)]
  0x0000026e7b6bc9f0 JavaThread "Unconstrained build operations Thread 14" [_thread_blocked, id=48376, stack(0x0000007e23e00000,0x0000007e23f00000)]
  0x0000026e7b6bde30 JavaThread "Unconstrained build operations Thread 15" [_thread_blocked, id=50544, stack(0x0000007e23f00000,0x0000007e24000000)]
  0x0000026e7b6be850 JavaThread "Unconstrained build operations Thread 16" [_thread_blocked, id=41452, stack(0x0000007e24000000,0x0000007e24100000)]
  0x0000026e7b6bed60 JavaThread "Unconstrained build operations Thread 17" [_thread_blocked, id=27772, stack(0x0000007e24100000,0x0000007e24200000)]
  0x0000026e7b6bb5b0 JavaThread "Unconstrained build operations Thread 18" [_thread_blocked, id=4728, stack(0x0000007e24200000,0x0000007e24300000)]
  0x0000026e7b6bd410 JavaThread "Unconstrained build operations Thread 19" [_thread_blocked, id=39544, stack(0x0000007e24300000,0x0000007e24400000)]
  0x0000026e7b6bf270 JavaThread "Unconstrained build operations Thread 20" [_thread_blocked, id=27248, stack(0x0000007e24400000,0x0000007e24500000)]
  0x0000026e7b6bbac0 JavaThread "Unconstrained build operations Thread 21" [_thread_blocked, id=35940, stack(0x0000007e24500000,0x0000007e24600000)]
  0x0000026e7b6c06b0 JavaThread "Unconstrained build operations Thread 22" [_thread_blocked, id=27860, stack(0x0000007e24600000,0x0000007e24700000)]
  0x0000026e7b6bfc90 JavaThread "Unconstrained build operations Thread 23" [_thread_blocked, id=49708, stack(0x0000007e24700000,0x0000007e24800000)]
  0x0000026e7b6c0bc0 JavaThread "Unconstrained build operations Thread 24" [_thread_blocked, id=8920, stack(0x0000007e24800000,0x0000007e24900000)]
  0x0000026e7b6bf780 JavaThread "Unconstrained build operations Thread 25" [_thread_blocked, id=51408, stack(0x0000007e24900000,0x0000007e24a00000)]
  0x0000026e7b6c01a0 JavaThread "Unconstrained build operations Thread 26" [_thread_blocked, id=26860, stack(0x0000007e24a00000,0x0000007e24b00000)]
  0x0000026e7b6c1af0 JavaThread "Unconstrained build operations Thread 27" [_thread_blocked, id=28052, stack(0x0000007e24b00000,0x0000007e24c00000)]
  0x0000026e7b6c10d0 JavaThread "Unconstrained build operations Thread 28" [_thread_blocked, id=16396, stack(0x0000007e24c00000,0x0000007e24d00000)]
  0x0000026e7b6c2510 JavaThread "Unconstrained build operations Thread 29" [_thread_blocked, id=51728, stack(0x0000007e24d00000,0x0000007e24e00000)]
  0x0000026e7b6c15e0 JavaThread "Unconstrained build operations Thread 30" [_thread_blocked, id=45168, stack(0x0000007e24e00000,0x0000007e24f00000)]
  0x0000026e7b6c2a20 JavaThread "Unconstrained build operations Thread 31" [_thread_blocked, id=51892, stack(0x0000007e24f00000,0x0000007e25000000)]
  0x0000026e7b6c2000 JavaThread "Unconstrained build operations Thread 32" [_thread_blocked, id=49064, stack(0x0000007e25000000,0x0000007e25100000)]
  0x0000026e7d6331b0 JavaThread "Unconstrained build operations Thread 33" [_thread_blocked, id=34288, stack(0x0000007e25100000,0x0000007e25200000)]
  0x0000026e7d634b00 JavaThread "Unconstrained build operations Thread 34" [_thread_blocked, id=24148, stack(0x0000007e25200000,0x0000007e25300000)]
  0x0000026e7d635010 JavaThread "Unconstrained build operations Thread 35" [_thread_blocked, id=43608, stack(0x0000007e25300000,0x0000007e25400000)]
  0x0000026e7d633bd0 JavaThread "Unconstrained build operations Thread 36" [_thread_blocked, id=25056, stack(0x0000007e25400000,0x0000007e25500000)]
  0x0000026e7d6345f0 JavaThread "Unconstrained build operations Thread 37" [_thread_blocked, id=21316, stack(0x0000007e25500000,0x0000007e25600000)]
  0x0000026e7d6340e0 JavaThread "Unconstrained build operations Thread 38" [_thread_blocked, id=43268, stack(0x0000007e25600000,0x0000007e25700000)]
  0x0000026e7d635520 JavaThread "Unconstrained build operations Thread 39" [_thread_blocked, id=14224, stack(0x0000007e25700000,0x0000007e25800000)]
  0x0000026e7d635a30 JavaThread "build event listener" [_thread_blocked, id=29680, stack(0x0000007e25900000,0x0000007e25a00000)]
  0x0000026e7d635f40 JavaThread "Memory manager" [_thread_blocked, id=47096, stack(0x0000007e20700000,0x0000007e20800000)]
  0x0000026e7d632ca0 JavaThread "Unconstrained build operations Thread 40" [_thread_blocked, id=46092, stack(0x0000007e25b00000,0x0000007e25c00000)]
  0x0000026e7d636960 JavaThread "Unconstrained build operations Thread 41" [_thread_blocked, id=50044, stack(0x0000007e25c00000,0x0000007e25d00000)]
  0x0000026e7d636e70 JavaThread "Unconstrained build operations Thread 42" [_thread_blocked, id=5140, stack(0x0000007e25d00000,0x0000007e25e00000)]
  0x0000026e7d6336c0 JavaThread "Unconstrained build operations Thread 43" [_thread_blocked, id=46604, stack(0x0000007e25e00000,0x0000007e25f00000)]
  0x0000026e7d6396f0 JavaThread "Unconstrained build operations Thread 44" [_thread_blocked, id=48268, stack(0x0000007e25f00000,0x0000007e26000000)]
  0x0000026e7d638cd0 JavaThread "Unconstrained build operations Thread 45" [_thread_blocked, id=50264, stack(0x0000007e26000000,0x0000007e26100000)]
  0x0000026e7d637380 JavaThread "Unconstrained build operations Thread 46" [_thread_blocked, id=37796, stack(0x0000007e26100000,0x0000007e26200000)]
  0x0000026e7d637890 JavaThread "Unconstrained build operations Thread 47" [_thread_blocked, id=11396, stack(0x0000007e26200000,0x0000007e26300000)]
  0x0000026e7d6391e0 JavaThread "Unconstrained build operations Thread 48" [_thread_blocked, id=46864, stack(0x0000007e26300000,0x0000007e26400000)]
  0x0000026e7d637da0 JavaThread "Unconstrained build operations Thread 49" [_thread_blocked, id=36948, stack(0x0000007e26400000,0x0000007e26500000)]
  0x0000026e7d6382b0 JavaThread "Unconstrained build operations Thread 50" [_thread_blocked, id=14200, stack(0x0000007e26500000,0x0000007e26600000)]
  0x0000026e7d639c00 JavaThread "build event listener" [_thread_blocked, id=34640, stack(0x0000007e26600000,0x0000007e26700000)]
  0x0000026e7dd78430 JavaThread "Unconstrained build operations Thread 51" [_thread_blocked, id=27076, stack(0x0000007e26700000,0x0000007e26800000)]
  0x0000026e7dd756a0 JavaThread "Unconstrained build operations Thread 52" [_thread_blocked, id=18644, stack(0x0000007e26800000,0x0000007e26900000)]
  0x0000026e7dd74c80 JavaThread "Unconstrained build operations Thread 53" [_thread_blocked, id=4420, stack(0x0000007e26900000,0x0000007e26a00000)]
  0x0000026e7dd77500 JavaThread "Unconstrained build operations Thread 54" [_thread_blocked, id=26784, stack(0x0000007e26a00000,0x0000007e26b00000)]
  0x0000026e7dd77a10 JavaThread "Unconstrained build operations Thread 55" [_thread_blocked, id=19296, stack(0x0000007e26b00000,0x0000007e26c00000)]
  0x0000026e7dd75bb0 JavaThread "Unconstrained build operations Thread 56" [_thread_blocked, id=38388, stack(0x0000007e26c00000,0x0000007e26d00000)]
  0x0000026e7dd77f20 JavaThread "Unconstrained build operations Thread 57" [_thread_blocked, id=12544, stack(0x0000007e26d00000,0x0000007e26e00000)]
  0x0000026e7dd78940 JavaThread "Unconstrained build operations Thread 58" [_thread_blocked, id=50136, stack(0x0000007e26e00000,0x0000007e26f00000)]
  0x0000026e7dd75190 JavaThread "Unconstrained build operations Thread 59" [_thread_blocked, id=20580, stack(0x0000007e26f00000,0x0000007e27000000)]
  0x0000026e7dd76ff0 JavaThread "Unconstrained build operations Thread 60" [_thread_blocked, id=34392, stack(0x0000007e27000000,0x0000007e27100000)]
  0x0000026e7dd78e50 JavaThread "Unconstrained build operations Thread 61" [_thread_blocked, id=43392, stack(0x0000007e27100000,0x0000007e27200000)]
  0x0000026e7dd79360 JavaThread "Unconstrained build operations Thread 62" [_thread_blocked, id=50540, stack(0x0000007e27200000,0x0000007e27300000)]
  0x0000026e7dd79870 JavaThread "Unconstrained build operations Thread 63" [_thread_blocked, id=38428, stack(0x0000007e27300000,0x0000007e27400000)]
  0x0000026e7dd79d80 JavaThread "Unconstrained build operations Thread 64" [_thread_blocked, id=51436, stack(0x0000007e27400000,0x0000007e27500000)]
  0x0000026e7dd765d0 JavaThread "Unconstrained build operations Thread 65" [_thread_blocked, id=20052, stack(0x0000007e27500000,0x0000007e27600000)]
  0x0000026e7dd7a290 JavaThread "Unconstrained build operations Thread 66" [_thread_blocked, id=30240, stack(0x0000007e27600000,0x0000007e27700000)]
  0x0000026e7dd7c600 JavaThread "Unconstrained build operations Thread 67" [_thread_blocked, id=11468, stack(0x0000007e27700000,0x0000007e27800000)]
  0x0000026e7dd7b6d0 JavaThread "Unconstrained build operations Thread 68" [_thread_blocked, id=43036, stack(0x0000007e27800000,0x0000007e27900000)]
  0x0000026e7dd7a7a0 JavaThread "Unconstrained build operations Thread 69" [_thread_blocked, id=12648, stack(0x0000007e27900000,0x0000007e27a00000)]
  0x0000026e7dd7c0f0 JavaThread "Unconstrained build operations Thread 70" [_thread_blocked, id=6216, stack(0x0000007e27a00000,0x0000007e27b00000)]
  0x0000026e7dd7acb0 JavaThread "Unconstrained build operations Thread 71" [_thread_blocked, id=32364, stack(0x0000007e27b00000,0x0000007e27c00000)]
  0x0000026e7dd7bbe0 JavaThread "Unconstrained build operations Thread 72" [_thread_blocked, id=7072, stack(0x0000007e27c00000,0x0000007e27d00000)]
  0x0000026e7dd7b1c0 JavaThread "Unconstrained build operations Thread 73" [_thread_blocked, id=48660, stack(0x0000007e27d00000,0x0000007e27e00000)]
  0x0000026e7aedddd0 JavaThread "Unconstrained build operations Thread 74" [_thread_blocked, id=50972, stack(0x0000007e27e00000,0x0000007e27f00000)]
  0x0000026e7aedc480 JavaThread "ForkJoinPool.commonPool-worker-1" daemon [_thread_blocked, id=47572, stack(0x0000007e27f00000,0x0000007e28000000)]
  0x0000026e7aedf210 JavaThread "ForkJoinPool.commonPool-worker-2" daemon [_thread_blocked, id=46068, stack(0x0000007e28000000,0x0000007e28100000)]
  0x0000026e7aedfc30 JavaThread "ForkJoinPool.commonPool-worker-3" daemon [_thread_blocked, id=5932, stack(0x0000007e28100000,0x0000007e28200000)]
  0x0000026e7aedf720 JavaThread "ForkJoinPool.commonPool-worker-4" daemon [_thread_blocked, id=12628, stack(0x0000007e28200000,0x0000007e28300000)]
  0x0000026e7aedc990 JavaThread "ForkJoinPool.commonPool-worker-5" daemon [_thread_blocked, id=44984, stack(0x0000007e28300000,0x0000007e28400000)]
  0x0000026e7aede2e0 JavaThread "ForkJoinPool.commonPool-worker-6" daemon [_thread_blocked, id=33744, stack(0x0000007e28400000,0x0000007e28500000)]
  0x0000026e7aede7f0 JavaThread "ForkJoinPool.commonPool-worker-7" daemon [_thread_blocked, id=37804, stack(0x0000007e28500000,0x0000007e28600000)]
  0x0000026e7aedcea0 JavaThread "ForkJoinPool.commonPool-worker-8" daemon [_thread_blocked, id=41856, stack(0x0000007e28600000,0x0000007e28700000)]
  0x0000026e7aedd3b0 JavaThread "ForkJoinPool.commonPool-worker-9" daemon [_thread_blocked, id=35612, stack(0x0000007e28700000,0x0000007e28800000)]
  0x0000026e7aedd8c0 JavaThread "ForkJoinPool.commonPool-worker-10" daemon [_thread_blocked, id=50260, stack(0x0000007e28800000,0x0000007e28900000)]
  0x0000026e7aeded00 JavaThread "ForkJoinPool.commonPool-worker-11" daemon [_thread_blocked, id=13524, stack(0x0000007e28900000,0x0000007e28a00000)]
  0x0000026e7f0062d0 JavaThread "included builds Thread 2" [_thread_blocked, id=25784, stack(0x0000007e28b00000,0x0000007e28c00000)]
  0x0000026e7f006cf0 JavaThread "Execution worker" [_thread_blocked, id=19520, stack(0x0000007e28c00000,0x0000007e28d00000)]
  0x0000026e7f008640 JavaThread "Execution worker Thread 2" [_thread_blocked, id=44876, stack(0x0000007e28d00000,0x0000007e28e00000)]
  0x0000026e7f007710 JavaThread "Execution worker Thread 3" [_thread_blocked, id=40552, stack(0x0000007e28e00000,0x0000007e28f00000)]
  0x0000026e7f007200 JavaThread "Execution worker Thread 4" [_thread_blocked, id=11376, stack(0x0000007e28f00000,0x0000007e29000000)]
  0x0000026e7f008b50 JavaThread "Execution worker Thread 5" [_thread_blocked, id=35972, stack(0x0000007e29000000,0x0000007e29100000)]
  0x0000026e7f007c20 JavaThread "Execution worker Thread 6" [_thread_blocked, id=2228, stack(0x0000007e29100000,0x0000007e29200000)]
  0x0000026e7f008130 JavaThread "Execution worker Thread 7" [_thread_blocked, id=7664, stack(0x0000007e29200000,0x0000007e29300000)]
  0x0000026e7f005dc0 JavaThread "Execution worker Thread 8" [_thread_blocked, id=48388, stack(0x0000007e29300000,0x0000007e29400000)]
  0x0000026e7f009f90 JavaThread "Execution worker Thread 9" [_thread_blocked, id=392, stack(0x0000007e29400000,0x0000007e29500000)]
  0x0000026e7f00c810 JavaThread "Execution worker Thread 10" [_thread_blocked, id=40632, stack(0x0000007e29500000,0x0000007e29600000)]
  0x0000026e7f00cd20 JavaThread "Execution worker Thread 11" [_thread_blocked, id=51372, stack(0x0000007e29600000,0x0000007e29700000)]
  0x0000026e7f00a9b0 JavaThread "Cache worker for execution history cache (C:\Users\Herman\Projects\ice-cream-erp\frontend\node_modules\@react-native\gradle-plugin\.gradle\8.14.3\executionHistory)" [_thread_blocked, id=15460, stack(0x0000007e29700000,0x0000007e29800000)]
  0x0000026e7f00d230 JavaThread "Cache worker for execution history cache (C:\Users\Herman\Projects\ice-cream-erp\frontend\node_modules\expo-modules-autolinking\android\expo-gradle-plugin\.gradle\8.14.3\executionHistory)" [_thread_blocked, id=47760, stack(0x0000007e29800000,0x0000007e29900000)]
  0x0000026e7f00a4a0 JavaThread "Unconstrained build operations Thread 75" [_thread_blocked, id=32220, stack(0x0000007e29900000,0x0000007e29a00000)]
  0x0000026e7f00aec0 JavaThread "Unconstrained build operations Thread 76" [_thread_blocked, id=34340, stack(0x0000007e29a00000,0x0000007e29b00000)]
  0x0000026e7f00b3d0 JavaThread "Unconstrained build operations Thread 77" [_thread_blocked, id=41740, stack(0x0000007e29b00000,0x0000007e29c00000)]
  0x0000026e7f00b8e0 JavaThread "Unconstrained build operations Thread 78" [_thread_blocked, id=51508, stack(0x0000007e29c00000,0x0000007e29d00000)]
  0x0000026e7f00bdf0 JavaThread "Unconstrained build operations Thread 79" [_thread_blocked, id=36744, stack(0x0000007e29d00000,0x0000007e29e00000)]
  0x0000026e7f00c300 JavaThread "Unconstrained build operations Thread 80" [_thread_blocked, id=44484, stack(0x0000007e29e00000,0x0000007e29f00000)]
  0x0000026e7c47a1f0 JavaThread "Unconstrained build operations Thread 81" [_thread_blocked, id=33028, stack(0x0000007e29f00000,0x0000007e2a000000)]
  0x0000026e7c47c050 JavaThread "Unconstrained build operations Thread 82" [_thread_blocked, id=11920, stack(0x0000007e2a000000,0x0000007e2a100000)]
  0x0000026e73d22ea0 JavaThread "Unconstrained build operations Thread 83" [_thread_blocked, id=11592, stack(0x0000007e2a100000,0x0000007e2a200000)]
  0x0000026e7d9f2640 JavaThread "Unconstrained build operations Thread 84" [_thread_blocked, id=41684, stack(0x0000007e2a200000,0x0000007e2a300000)]
  0x0000026e7d9f1710 JavaThread "Unconstrained build operations Thread 85" [_thread_blocked, id=46424, stack(0x0000007e2a300000,0x0000007e2a400000)]
  0x0000026e7d9f3570 JavaThread "Unconstrained build operations Thread 86" [_thread_blocked, id=21652, stack(0x0000007e2a400000,0x0000007e2a500000)]
  0x0000026e7d9efdc0 JavaThread "Unconstrained build operations Thread 87" [_thread_blocked, id=2284, stack(0x0000007e2a500000,0x0000007e2a600000)]
  0x0000026e7d9f0cf0 JavaThread "Unconstrained build operations Thread 88" [_thread_blocked, id=24876, stack(0x0000007e2a600000,0x0000007e2a700000)]
  0x0000026e7d9f02d0 JavaThread "Unconstrained build operations Thread 89" [_thread_blocked, id=30772, stack(0x0000007e2a700000,0x0000007e2a800000)]
  0x0000026e7d9f3a80 JavaThread "Unconstrained build operations Thread 90" [_thread_blocked, id=1604, stack(0x0000007e2a800000,0x0000007e2a900000)]
  0x0000026e7d9f1200 JavaThread "Unconstrained build operations Thread 91" [_thread_blocked, id=15152, stack(0x0000007e2a900000,0x0000007e2aa00000)]
  0x0000026e7d9f3f90 JavaThread "Unconstrained build operations Thread 92" [_thread_blocked, id=33188, stack(0x0000007e2aa00000,0x0000007e2ab00000)]
  0x0000026e7d9f2130 JavaThread "Unconstrained build operations Thread 93" [_thread_blocked, id=18924, stack(0x0000007e2ab00000,0x0000007e2ac00000)]
  0x0000026e7d9f07e0 JavaThread "Unconstrained build operations Thread 94" [_thread_blocked, id=18548, stack(0x0000007e2ac00000,0x0000007e2ad00000)]
  0x0000026e7d9f44a0 JavaThread "Unconstrained build operations Thread 95" [_thread_blocked, id=4076, stack(0x0000007e2ad00000,0x0000007e2ae00000)]
  0x0000026e7d9f49b0 JavaThread "Unconstrained build operations Thread 96" [_thread_blocked, id=51576, stack(0x0000007e2ae00000,0x0000007e2af00000)]
  0x0000026e7d9f4ec0 JavaThread "Unconstrained build operations Thread 97" [_thread_blocked, id=19976, stack(0x0000007e2af00000,0x0000007e2b000000)]
  0x0000026e7d9f53d0 JavaThread "Unconstrained build operations Thread 98" [_thread_blocked, id=48900, stack(0x0000007e2b000000,0x0000007e2b100000)]
  0x0000026e7d9f1c20 JavaThread "Unconstrained build operations Thread 99" [_thread_blocked, id=16948, stack(0x0000007e2b100000,0x0000007e2b200000)]
  0x0000026e7d9f58e0 JavaThread "Unconstrained build operations Thread 100" [_thread_blocked, id=49764, stack(0x0000007e2b200000,0x0000007e2b300000)]
  0x0000026e7d9f5df0 JavaThread "Unconstrained build operations Thread 101" [_thread_blocked, id=21660, stack(0x0000007e2b300000,0x0000007e2b400000)]
  0x0000026e7d9f6300 JavaThread "Unconstrained build operations Thread 102" [_thread_blocked, id=37252, stack(0x0000007e2b400000,0x0000007e2b500000)]
  0x0000026e7d9f2b50 JavaThread "Unconstrained build operations Thread 103" [_thread_blocked, id=27564, stack(0x0000007e2b500000,0x0000007e2b600000)]
  0x0000026e7d9f6810 JavaThread "Unconstrained build operations Thread 104" [_thread_blocked, id=2856, stack(0x0000007e2b600000,0x0000007e2b700000)]
  0x0000026e7d9f6d20 JavaThread "Unconstrained build operations Thread 105" [_thread_blocked, id=30968, stack(0x0000007e2b700000,0x0000007e2b800000)]
  0x0000026e7d9f7230 JavaThread "Unconstrained build operations Thread 106" [_thread_blocked, id=25952, stack(0x0000007e2b800000,0x0000007e2b900000)]
  0x0000026e7d9f7740 JavaThread "Unconstrained build operations Thread 107" [_thread_blocked, id=47812, stack(0x0000007e2b900000,0x0000007e2ba00000)]
  0x0000026e1f91d0c0 JavaThread "Unconstrained build operations Thread 108" [_thread_blocked, id=48952, stack(0x0000007e2ba00000,0x0000007e2bb00000)]
  0x0000026e1f91cbb0 JavaThread "Unconstrained build operations Thread 109" [_thread_blocked, id=3916, stack(0x0000007e2bb00000,0x0000007e2bc00000)]
  0x0000026e1f91bc80 JavaThread "Unconstrained build operations Thread 110" [_thread_blocked, id=46688, stack(0x0000007e2bc00000,0x0000007e2bd00000)]
  0x0000026e1f91b770 JavaThread "Unconstrained build operations Thread 111" [_thread_blocked, id=50588, stack(0x0000007e2bd00000,0x0000007e2be00000)]
  0x0000026e1f91c190 JavaThread "Unconstrained build operations Thread 112" [_thread_blocked, id=45752, stack(0x0000007e2be00000,0x0000007e2bf00000)]
  0x0000026e1f91b260 JavaThread "Unconstrained build operations Thread 113" [_thread_blocked, id=13764, stack(0x0000007e2bf00000,0x0000007e2c000000)]
  0x0000026e1f91fe50 JavaThread "Unconstrained build operations Thread 114" [_thread_blocked, id=36780, stack(0x0000007e2c000000,0x0000007e2c100000)]
  0x0000026e1f91dae0 JavaThread "Unconstrained build operations Thread 115" [_thread_blocked, id=48088, stack(0x0000007e2c100000,0x0000007e2c200000)]
  0x0000026e1f91dff0 JavaThread "Unconstrained build operations Thread 116" [_thread_blocked, id=40872, stack(0x0000007e2c200000,0x0000007e2c300000)]
  0x0000026e1f91e500 JavaThread "Unconstrained build operations Thread 117" [_thread_blocked, id=38052, stack(0x0000007e2c300000,0x0000007e2c400000)]
  0x0000026e1f91d5d0 JavaThread "Unconstrained build operations Thread 118" [_thread_blocked, id=18120, stack(0x0000007e2c400000,0x0000007e2c500000)]
  0x0000026e1f91f430 JavaThread "Unconstrained build operations Thread 119" [_thread_blocked, id=52120, stack(0x0000007e2c500000,0x0000007e2c600000)]
  0x0000026e1f91ea10 JavaThread "Unconstrained build operations Thread 120" [_thread_blocked, id=15896, stack(0x0000007e2c600000,0x0000007e2c700000)]
  0x0000026e1f91c6a0 JavaThread "WorkerExecutor Queue" [_thread_blocked, id=44372, stack(0x0000007e2c700000,0x0000007e2c800000)]
  0x0000026e1f921cb0 JavaThread "RMI Scheduler(0)" daemon [_thread_blocked, id=10656, stack(0x0000007e25800000,0x0000007e25900000)]
  0x0000026e1f921290 JavaThread "RMI GC Daemon" daemon [_thread_blocked, id=34628, stack(0x0000007e2c800000,0x0000007e2c900000)]
  0x0000026e1f9217a0 JavaThread "RMI TCP Accept-0" daemon [_thread_in_native, id=35536, stack(0x0000007e2c900000,0x0000007e2ca00000)]
  0x0000026e1f9226d0 JavaThread "RMI Reaper" [_thread_blocked, id=17460, stack(0x0000007e2ca00000,0x0000007e2cb00000)]
  0x0000026e7baa5880 JavaThread "WorkerExecutor Queue Thread 2" [_thread_blocked, id=17384, stack(0x0000007e2cc00000,0x0000007e2cd00000)]
  0x0000026e7baa4950 JavaThread "RMI TCP Connection(idle)" daemon [_thread_blocked, id=50820, stack(0x0000007e2ce00000,0x0000007e2cf00000)]
  0x0000026e7baa4440 JavaThread "jar transforms Thread 2" [_thread_blocked, id=42696, stack(0x0000007e2d100000,0x0000007e2d200000)]
  0x0000026e7baa62a0 JavaThread "Cache worker for Build Output Cleanup Cache (C:\Users\Herman\Projects\ice-cream-erp\frontend\node_modules\expo-modules-core\expo-module-gradle-plugin\.gradle\buildOutputCleanup)" [_thread_blocked, id=9188, stack(0x0000007e2d000000,0x0000007e2d100000)]
  0x0000026e7baa3000 JavaThread "build event listener" [_thread_blocked, id=33044, stack(0x0000007e2d400000,0x0000007e2d500000)]
  0x0000026e7baa3f30 JavaThread "jar transforms Thread 3" [_thread_blocked, id=43152, stack(0x0000007e2d500000,0x0000007e2d600000)]
  0x0000026e7baa3510 JavaThread "Cache worker for execution history cache (C:\Users\Herman\Projects\ice-cream-erp\frontend\node_modules\expo-modules-core\expo-module-gradle-plugin\.gradle\8.14.3\executionHistory)" [_thread_blocked, id=23416, stack(0x0000007e2d600000,0x0000007e2d700000)]
  0x0000026e7baa71d0 JavaThread "WorkerExecutor Queue Thread 3" [_thread_blocked, id=42628, stack(0x0000007e2d700000,0x0000007e2d800000)]
  0x0000026e7baa8610 JavaThread "RMI TCP Connection(idle)" daemon [_thread_blocked, id=5224, stack(0x0000007e2d900000,0x0000007e2da00000)]
  0x0000026e7baa76e0 JavaThread "WorkerExecutor Queue Thread 4" [_thread_in_vm, id=50040, stack(0x0000007e2da00000,0x0000007e2db00000)]
  0x0000026e7baa7bf0 JavaThread "RMI TCP Connection(idle)" daemon [_thread_blocked, id=16752, stack(0x0000007e2dc00000,0x0000007e2dd00000)]
  0x0000026e7baa3a20 JavaThread "jar transforms Thread 4" [_thread_blocked, id=45972, stack(0x0000007e2d800000,0x0000007e2d900000)]
  0x0000026e7baa9f60 JavaThread "Problems report writer" [_thread_blocked, id=34228, stack(0x0000007e2db00000,0x0000007e2dc00000)]
  0x0000026e7baa9030 JavaThread "jar transforms Thread 5" [_thread_blocked, id=51684, stack(0x0000007e2dd00000,0x0000007e2de00000)]
  0x0000026e7baa9540 JavaThread "jar transforms Thread 6" [_thread_blocked, id=18428, stack(0x0000007e2de00000,0x0000007e2df00000)]
  0x0000026e7ef54770 JavaThread "build event listener" [_thread_blocked, id=10092, stack(0x0000007e2df00000,0x0000007e2e000000)]
  0x0000026e7ef560c0 JavaThread "jar transforms Thread 7" [_thread_blocked, id=9836, stack(0x0000007e2e000000,0x0000007e2e100000)]
  0x0000026e7ef565d0 JavaThread "jar transforms Thread 8" [_thread_blocked, id=30628, stack(0x0000007e2e100000,0x0000007e2e200000)]
  0x0000026e7ef52e20 JavaThread "jar transforms Thread 9" [_thread_blocked, id=26932, stack(0x0000007e2e200000,0x0000007e2e300000)]
  0x0000026e7ef56ae0 JavaThread "jar transforms Thread 10" [_thread_blocked, id=28864, stack(0x0000007e2e300000,0x0000007e2e400000)]
  0x0000026e7ef53330 JavaThread "jar transforms Thread 11" [_thread_blocked, id=48072, stack(0x0000007e2e400000,0x0000007e2e500000)]
  0x0000026e7ef57500 JavaThread "jar transforms Thread 12" [_thread_blocked, id=31700, stack(0x0000007e2e500000,0x0000007e2e600000)]
=>0x0000026e2105e860 JavaThread "C2 CompilerThread1" daemon [_thread_in_native, id=36952, stack(0x0000007e1f300000,0x0000007e1f400000)]
  0x0000026e7ef5cb10 JavaThread "pool-3-thread-1" [_thread_blocked, id=39288, stack(0x0000007e1f500000,0x0000007e1f600000)]
  0x0000026e7ef5da40 JavaThread "build event listener" [_thread_blocked, id=50412, stack(0x0000007e2d200000,0x0000007e2d300000)]
  0x0000026e7ef5e460 JavaThread "Cache worker for execution history cache (C:\Users\Herman\Projects\ice-cream-erp\frontend\android\.gradle\8.14.3\executionHistory)" [_thread_blocked, id=28328, stack(0x0000007e2d300000,0x0000007e2d400000)]
  0x0000026e7ef5acb0 JavaThread "Exec process Thread 4" [_thread_blocked, id=48692, stack(0x0000007e2eb00000,0x0000007e2ec00000)]
  0x0000026e7ef5e970 JavaThread "Exec process Thread 5" [_thread_blocked, id=2472, stack(0x0000007e2ec00000,0x0000007e2ed00000)]
  0x0000026e7ef5ee80 JavaThread "Exec process Thread 6" [_thread_blocked, id=33956, stack(0x0000007e2ed00000,0x0000007e2ee00000)]
  0x0000026e7ef5b6d0 JavaThread "Exec process Thread 7" [_thread_blocked, id=27708, stack(0x0000007e2ee00000,0x0000007e2ef00000)]
  0x0000026e7ef5f390 JavaThread "Exec process Thread 8" [_thread_blocked, id=43428, stack(0x0000007e2ef00000,0x0000007e2f000000)]
  0x0000026e7ef5f8a0 JavaThread "Exec process Thread 9" [_thread_blocked, id=12888, stack(0x0000007e2f000000,0x0000007e2f100000)]
  0x0000026e7ef5c0f0 JavaThread "Exec process Thread 10" [_thread_blocked, id=48536, stack(0x0000007e2f100000,0x0000007e2f200000)]
  0x0000026e7ef5fdb0 JavaThread "Exec process Thread 11" [_thread_blocked, id=34564, stack(0x0000007e2f400000,0x0000007e2f500000)]
  0x0000026e7ef602c0 JavaThread "Exec process Thread 12" [_thread_in_native, id=51772, stack(0x0000007e2f500000,0x0000007e2f600000)]
  0x0000026e7ef607d0 JavaThread "Exec process Thread 13" [_thread_in_native, id=24220, stack(0x0000007e2f600000,0x0000007e2f700000)]
  0x0000026e7ef60ce0 JavaThread "Exec process Thread 14" [_thread_blocked, id=35628, stack(0x0000007e2f700000,0x0000007e2f800000)]
  0x0000026e7ef611f0 JavaThread "Exec process Thread 15" [_thread_blocked, id=52052, stack(0x0000007e2f800000,0x0000007e2f900000)]
  0x0000026e7baa8100 JavaThread "Exec process Thread 16" [_thread_blocked, id=13364, stack(0x0000007e2f900000,0x0000007e2fa00000)]
  0x0000026e7a6d93e0 JavaThread "Exec process Thread 17" [_thread_blocked, id=51828, stack(0x0000007e2fa00000,0x0000007e2fb00000)]
  0x0000026e7d9f3060 JavaThread "Exec process Thread 18" [_thread_blocked, id=46176, stack(0x0000007e2fb00000,0x0000007e2fc00000)]
  0x0000026e2105f850 JavaThread "C2 CompilerThread2" daemon [_thread_in_native, id=19136, stack(0x0000007e1f400000,0x0000007e1f500000)]
  0x0000026e7dd760c0 JavaThread "WorkerExecutor Queue Thread 5" [_thread_blocked, id=51984, stack(0x0000007e2fc00000,0x0000007e2fd00000)]
  0x0000026e7ef5df50 JavaThread "WorkerExecutor Queue Thread 6" [_thread_in_Java, id=49716, stack(0x0000007e2fd00000,0x0000007e2fe00000)]
  0x0000026e20088280 JavaThread "WorkerExecutor Queue Thread 7" [_thread_blocked, id=26032, stack(0x0000007e2fe00000,0x0000007e2ff00000)]
  0x0000026e2008b010 JavaThread "WorkerExecutor Queue Thread 9" [_thread_blocked, id=47060, stack(0x0000007e30000000,0x0000007e30100000)]
  0x0000026e20089bd0 JavaThread "WorkerExecutor Queue Thread 10" [_thread_blocked, id=18836, stack(0x0000007e30100000,0x0000007e30200000)]
  0x0000026e200891b0 JavaThread "WorkerExecutor Queue Thread 12" [_thread_blocked, id=36344, stack(0x0000007e30300000,0x0000007e30400000)]
  0x0000026e2008ba30 JavaThread "Cache worker for Java compile cache (C:\Users\Herman\.gradle\caches\8.14.3\javaCompile)" [_thread_blocked, id=47736, stack(0x0000007e30500000,0x0000007e30600000)]
  0x0000026e2008b520 JavaThread "Build operations" [_thread_blocked, id=14412, stack(0x0000007e2ff00000,0x0000007e30000000)]
  0x0000026e2008bf40 JavaThread "Build operations Thread 2" [_thread_blocked, id=29100, stack(0x0000007e30600000,0x0000007e30700000)]
  0x0000026e20088790 JavaThread "Build operations Thread 3" [_thread_blocked, id=21200, stack(0x0000007e30700000,0x0000007e30800000)]
  0x0000026e2008d890 JavaThread "Build operations Thread 4" [_thread_blocked, id=22328, stack(0x0000007e30800000,0x0000007e30900000)]
  0x0000026e2008fc00 JavaThread "Build operations Thread 5" [_thread_blocked, id=4808, stack(0x0000007e30900000,0x0000007e30a00000)]
  0x0000026e2008f1e0 JavaThread "Build operations Thread 6" [_thread_blocked, id=38712, stack(0x0000007e30a00000,0x0000007e30b00000)]
  0x0000026e2008c450 JavaThread "Build operations Thread 7" [_thread_blocked, id=49100, stack(0x0000007e30b00000,0x0000007e30c00000)]
  0x0000026e2008e2b0 JavaThread "Build operations Thread 8" [_thread_blocked, id=42928, stack(0x0000007e30c00000,0x0000007e30d00000)]
  0x0000026e2008e7c0 JavaThread "Build operations Thread 9" [_thread_blocked, id=20564, stack(0x0000007e30d00000,0x0000007e30e00000)]
  0x0000026e2008ecd0 JavaThread "Build operations Thread 10" [_thread_blocked, id=52136, stack(0x0000007e30e00000,0x0000007e30f00000)]
  0x0000026e20090110 JavaThread "Build operations Thread 11" [_thread_blocked, id=30692, stack(0x0000007e30f00000,0x0000007e31000000)]
  0x0000026e20090b30 JavaThread "RMI TCP Accept-0" daemon [_thread_in_native, id=48224, stack(0x0000007e31200000,0x0000007e31300000)]
  0x0000026e200947f0 JavaThread "Build operations Thread 12" [_thread_blocked, id=46336, stack(0x0000007e31300000,0x0000007e31400000)]
  0x0000026e20095c30 JavaThread "Java2D Disposer" daemon [_thread_blocked, id=26916, stack(0x0000007e31400000,0x0000007e31500000)]
  0x0000026e20096140 JavaThread "AWT-Windows" daemon [_thread_in_native, id=26188, stack(0x0000007e31600000,0x0000007e31700000)]
  0x0000026e20095210 JavaThread "WorkerExecutor Queue Thread 14" [_thread_blocked, id=36612, stack(0x0000007e31800000,0x0000007e31900000)]
  0x0000026e7ef58e50 JavaThread "DefaultDispatcher-worker-1" daemon [_thread_blocked, id=30160, stack(0x0000007e31100000,0x0000007e31200000)]
  0x0000026e7ef59870 JavaThread "DefaultDispatcher-worker-2" daemon [_thread_blocked, id=43080, stack(0x0000007e31900000,0x0000007e31a00000)]
  0x0000026e7f0058b0 JavaThread "DefaultDispatcher-worker-3" daemon [_thread_blocked, id=10708, stack(0x0000007e31a00000,0x0000007e31b00000)]
  0x0000026e7f0067e0 JavaThread "DefaultDispatcher-worker-4" daemon [_thread_blocked, id=41372, stack(0x0000007e31b00000,0x0000007e31c00000)]
  0x0000026e7baa67b0 JavaThread "DefaultDispatcher-worker-5" daemon [_thread_blocked, id=24600, stack(0x0000007e31c00000,0x0000007e31d00000)]
  0x0000026e2a3529d0 JavaThread "DefaultDispatcher-worker-6" daemon [_thread_blocked, id=48472, stack(0x0000007e31d00000,0x0000007e31e00000)]
  0x0000026e2a351590 JavaThread "pool-4-thread-1" [_thread_blocked, id=51668, stack(0x0000007e31500000,0x0000007e31600000)]
  0x0000026e2a3533f0 JavaThread "stderr" [_thread_in_native, id=46620, stack(0x0000007e31700000,0x0000007e31800000)]
  0x0000026e2a355760 JavaThread "stderr" [_thread_in_native, id=30580, stack(0x0000007e31e00000,0x0000007e31f00000)]
  0x0000026e2a352ee0 JavaThread "stdout" [_thread_in_native, id=50376, stack(0x0000007e31f00000,0x0000007e32000000)]
  0x0000026e2a3524c0 JavaThread "stdout" [_thread_in_native, id=50984, stack(0x0000007e32000000,0x0000007e32100000)]
  0x0000026e2a354320 JavaThread "stderr" [_thread_in_native, id=17232, stack(0x0000007e32100000,0x0000007e32200000)]
  0x0000026e2a354830 JavaThread "stdout" [_thread_in_native, id=33940, stack(0x0000007e32200000,0x0000007e32300000)]
  0x0000026e2a358f10 JavaThread "WorkerExecutor Queue Thread 15" [_thread_blocked, id=47680, stack(0x0000007e30400000,0x0000007e30500000)]
  0x0000026e2a359e40 JavaThread "stderr" [_thread_in_native, id=49360, stack(0x0000007e32300000,0x0000007e32400000)]
  0x0000026e2a35a860 JavaThread "stdout" [_thread_in_native, id=32648, stack(0x0000007e32400000,0x0000007e32500000)]
  0x0000026e2a3570b0 JavaThread "stderr" [_thread_in_native, id=46024, stack(0x0000007e32500000,0x0000007e32600000)]
  0x0000026e2a35ad70 JavaThread "stdout" [_thread_in_native, id=35764, stack(0x0000007e32600000,0x0000007e32700000)]
  0x0000026e2a3575c0 JavaThread "stderr" [_thread_in_native, id=41524, stack(0x0000007e32700000,0x0000007e32800000)]
  0x0000026e2a35b280 JavaThread "stdout" [_thread_in_native, id=50600, stack(0x0000007e32800000,0x0000007e32900000)]
  0x0000026e2a35cbd0 JavaThread "DefaultDispatcher-worker-1" daemon [_thread_blocked, id=44452, stack(0x0000007e32b00000,0x0000007e32c00000)]
  0x0000026e2a35bca0 JavaThread "DefaultDispatcher-worker-2" daemon [_thread_blocked, id=5020, stack(0x0000007e32c00000,0x0000007e32d00000)]
  0x0000026e2a35c1b0 JavaThread "DefaultDispatcher-worker-3" daemon [_thread_blocked, id=21588, stack(0x0000007e32d00000,0x0000007e32e00000)]
  0x0000026e2a35db00 JavaThread "Periodic tasks thread" daemon [_thread_blocked, id=39464, stack(0x0000007e30200000,0x0000007e30300000)]
  0x0000026e2a35f450 JavaThread "ApplicationImpl pooled thread 1" [_thread_blocked, id=2976, stack(0x0000007e32900000,0x0000007e32a00000)]
  0x0000026e22d32e40 JavaThread "Periodic tasks thread" daemon [_thread_blocked, id=36160, stack(0x0000007e32a00000,0x0000007e32b00000)]
  0x0000026e22d32930 JavaThread "ApplicationImpl pooled thread 1" [_thread_blocked, id=47492, stack(0x0000007e32e00000,0x0000007e32f00000)]
  0x0000026e2d37c070 JavaThread "DefaultDispatcher-worker-4" daemon [_thread_blocked, id=48036, stack(0x0000007e28a00000,0x0000007e28b00000)]

Other Threads:
  0x0000026e73bcfcb0 VMThread "VM Thread" [stack: 0x0000007e1fc00000,0x0000007e1fd00000] [id=50408]
  0x0000026e73f3bb50 WatcherThread [stack: 0x0000007e20900000,0x0000007e20a00000] [id=45872]
  0x0000026e552f0480 GCTaskThread "GC Thread#0" [stack: 0x0000007e1f700000,0x0000007e1f800000] [id=43628]
  0x0000026e7450df70 GCTaskThread "GC Thread#1" [stack: 0x0000007e20b00000,0x0000007e20c00000] [id=50828]
  0x0000026e746c23f0 GCTaskThread "GC Thread#2" [stack: 0x0000007e20c00000,0x0000007e20d00000] [id=27160]
  0x0000026e74002f40 GCTaskThread "GC Thread#3" [stack: 0x0000007e20d00000,0x0000007e20e00000] [id=34124]
  0x0000026e74003200 GCTaskThread "GC Thread#4" [stack: 0x0000007e20e00000,0x0000007e20f00000] [id=32432]
  0x0000026e740034c0 GCTaskThread "GC Thread#5" [stack: 0x0000007e20f00000,0x0000007e21000000] [id=31720]
  0x0000026e747a15f0 GCTaskThread "GC Thread#6" [stack: 0x0000007e21000000,0x0000007e21100000] [id=43284]
  0x0000026e747a18b0 GCTaskThread "GC Thread#7" [stack: 0x0000007e21100000,0x0000007e21200000] [id=45324]
  0x0000026e747a1b70 GCTaskThread "GC Thread#8" [stack: 0x0000007e21200000,0x0000007e21300000] [id=46980]
  0x0000026e74444bf0 GCTaskThread "GC Thread#9" [stack: 0x0000007e21300000,0x0000007e21400000] [id=36296]
  0x0000026e553018e0 ConcurrentGCThread "G1 Main Marker" [stack: 0x0000007e1f800000,0x0000007e1f900000] [id=49632]
  0x0000026e553029b0 ConcurrentGCThread "G1 Conc#0" [stack: 0x0000007e1f900000,0x0000007e1fa00000] [id=24536]
  0x0000026e7c1cc970 ConcurrentGCThread "G1 Conc#1" [stack: 0x0000007e22300000,0x0000007e22400000] [id=12296]
  0x0000026e7c1cd1b0 ConcurrentGCThread "G1 Conc#2" [stack: 0x0000007e22400000,0x0000007e22500000] [id=50684]
  0x0000026e5533dc60 ConcurrentGCThread "G1 Refine#0" [stack: 0x0000007e1fa00000,0x0000007e1fb00000] [id=18324]
  0x0000026e2079a7b0 ConcurrentGCThread "G1 Refine#1" [stack: 0x0000007e2e600000,0x0000007e2e700000] [id=43876]
  0x0000026e2079b660 ConcurrentGCThread "G1 Refine#2" [stack: 0x0000007e2e700000,0x0000007e2e800000] [id=29144]
  0x0000026e2079caf0 ConcurrentGCThread "G1 Refine#3" [stack: 0x0000007e2e800000,0x0000007e2e900000] [id=47384]
  0x0000026e2079a1d0 ConcurrentGCThread "G1 Refine#4" [stack: 0x0000007e2e900000,0x0000007e2ea00000] [id=13452]
  0x0000026e2079bc40 ConcurrentGCThread "G1 Refine#5" [stack: 0x0000007e2ea00000,0x0000007e2eb00000] [id=27128]
  0x0000026e2bb30dd0 ConcurrentGCThread "G1 Refine#6" [stack: 0x0000007e2cd00000,0x0000007e2ce00000] [id=24516]
  0x0000026e73b616f0 ConcurrentGCThread "G1 Service" [stack: 0x0000007e1fb00000,0x0000007e1fc00000] [id=43780]

Threads with active compile tasks:
C2 CompilerThread0  110896 56188       4       com.intellij.psi.stubs.StubBase::getPsi (97 bytes)
C2 CompilerThread1  110896 55506       4       com.intellij.psi.stubs.MaterialStubList$1::visitStub (110 bytes)
C2 CompilerThread2  110896 55507       4       com.intellij.psi.stubs.StubList$TempState::prepareForChildren (78 bytes)

VM state: not at safepoint (normal execution)

VM Mutex/Monitor currently owned by a thread: None

Heap address: 0x0000000080000000, size: 2048 MB, Compressed Oops mode: 32-bit

CDS archive(s) mapped at: [0x0000026e00000000-0x0000026e00bb0000-0x0000026e00bb0000), size 12255232, SharedBaseAddress: 0x0000026e00000000, ArchiveRelocationMode: 1.
Compressed class space mapped at: 0x0000026e01000000-0x0000026e1b000000, reserved size: 436207616
Narrow klass base: 0x0000026e00000000, Narrow klass shift: 0, Narrow klass range: 0x100000000

GC Precious Log:
 CPUs: 12 total, 12 available
 Memory: 32574M
 Large Page Support: Disabled
 NUMA Support: Disabled
 Compressed Oops: Enabled (32-bit)
 Heap Region Size: 1M
 Heap Min Capacity: 8M
 Heap Initial Capacity: 510M
 Heap Max Capacity: 2G
 Pre-touch: Disabled
 Parallel Workers: 10
 Concurrent Workers: 3
 Concurrent Refinement Workers: 10
 Periodic GC: Disabled

Heap:
 garbage-first heap   total 1238016K, used 794378K [0x0000000080000000, 0x0000000100000000)
  region size 1024K, 186 young (190464K), 8 survivors (8192K)
 Metaspace       used 367712K, committed 370688K, reserved 753664K
  class space    used 46644K, committed 48064K, reserved 425984K

Heap Regions: E=young(eden), S=young(survivor), O=old, HS=humongous(starts), HC=humongous(continues), CS=collection set, F=free, OA=open archive, CA=closed archive, TAMS=top-at-mark-start (previous, next)
|   0|0x0000000080000000, 0x0000000080100000, 0x0000000080100000|100%|HS|  |TAMS 0x0000000080100000, 0x0000000080000000| Complete 
|   1|0x0000000080100000, 0x0000000080200000, 0x0000000080200000|100%|HC|  |TAMS 0x0000000080200000, 0x0000000080100000| Complete 
|   2|0x0000000080200000, 0x0000000080300000, 0x0000000080300000|100%|HC|  |TAMS 0x0000000080300000, 0x0000000080200000| Complete 
|   3|0x0000000080300000, 0x0000000080400000, 0x0000000080400000|100%| O|  |TAMS 0x0000000080400000, 0x0000000080300000| Untracked 
|   4|0x0000000080400000, 0x0000000080500000, 0x0000000080500000|100%| O|  |TAMS 0x0000000080500000, 0x0000000080400000| Untracked 
|   5|0x0000000080500000, 0x0000000080600000, 0x0000000080600000|100%| O|  |TAMS 0x0000000080600000, 0x0000000080500000| Untracked 
|   6|0x0000000080600000, 0x0000000080700000, 0x0000000080700000|100%|HS|  |TAMS 0x0000000080700000, 0x0000000080600000| Complete 
|   7|0x0000000080700000, 0x0000000080800000, 0x0000000080800000|100%| O|  |TAMS 0x0000000080800000, 0x0000000080700000| Untracked 
|   8|0x0000000080800000, 0x0000000080900000, 0x0000000080900000|100%| O|  |TAMS 0x0000000080900000, 0x0000000080800000| Untracked 
|   9|0x0000000080900000, 0x0000000080a00000, 0x0000000080a00000|100%| O|  |TAMS 0x0000000080a00000, 0x0000000080900000| Untracked 
|  10|0x0000000080a00000, 0x0000000080b00000, 0x0000000080b00000|100%| O|  |TAMS 0x0000000080b00000, 0x0000000080a00000| Untracked 
|  11|0x0000000080b00000, 0x0000000080c00000, 0x0000000080c00000|100%| O|  |TAMS 0x0000000080c00000, 0x0000000080b00000| Untracked 
|  12|0x0000000080c00000, 0x0000000080cc2a00, 0x0000000080d00000| 76%| O|  |TAMS 0x0000000080cc2a00, 0x0000000080c00000| Untracked 
|  13|0x0000000080d00000, 0x0000000080e00000, 0x0000000080e00000|100%| O|  |TAMS 0x0000000080e00000, 0x0000000080d00000| Untracked 
|  14|0x0000000080e00000, 0x0000000080f00000, 0x0000000080f00000|100%| O|  |TAMS 0x0000000080f00000, 0x0000000080e00000| Untracked 
|  15|0x0000000080f00000, 0x0000000081000000, 0x0000000081000000|100%| O|  |TAMS 0x0000000081000000, 0x0000000080f00000| Untracked 
|  16|0x0000000081000000, 0x0000000081100000, 0x0000000081100000|100%| O|  |TAMS 0x0000000081100000, 0x0000000081000000| Untracked 
|  17|0x0000000081100000, 0x0000000081200000, 0x0000000081200000|100%| O|  |TAMS 0x0000000081200000, 0x0000000081100000| Untracked 
|  18|0x0000000081200000, 0x0000000081300000, 0x0000000081300000|100%| O|  |TAMS 0x0000000081300000, 0x0000000081200000| Untracked 
|  19|0x0000000081300000, 0x0000000081400000, 0x0000000081400000|100%| O|  |TAMS 0x0000000081400000, 0x0000000081300000| Untracked 
|  20|0x0000000081400000, 0x0000000081500000, 0x0000000081500000|100%| O|  |TAMS 0x0000000081500000, 0x0000000081400000| Untracked 
|  21|0x0000000081500000, 0x0000000081600000, 0x0000000081600000|100%| O|  |TAMS 0x0000000081600000, 0x0000000081500000| Untracked 
|  22|0x0000000081600000, 0x0000000081700000, 0x0000000081700000|100%| O|  |TAMS 0x0000000081700000, 0x0000000081600000| Untracked 
|  23|0x0000000081700000, 0x0000000081800000, 0x0000000081800000|100%| O|  |TAMS 0x0000000081800000, 0x0000000081700000| Untracked 
|  24|0x0000000081800000, 0x0000000081900000, 0x0000000081900000|100%| O|  |TAMS 0x0000000081900000, 0x0000000081800000| Untracked 
|  25|0x0000000081900000, 0x0000000081a00000, 0x0000000081a00000|100%| O|  |TAMS 0x0000000081a00000, 0x0000000081900000| Untracked 
|  26|0x0000000081a00000, 0x0000000081b00000, 0x0000000081b00000|100%| O|  |TAMS 0x0000000081b00000, 0x0000000081a00000| Untracked 
|  27|0x0000000081b00000, 0x0000000081c00000, 0x0000000081c00000|100%| O|  |TAMS 0x0000000081c00000, 0x0000000081b00000| Untracked 
|  28|0x0000000081c00000, 0x0000000081d00000, 0x0000000081d00000|100%| O|  |TAMS 0x0000000081d00000, 0x0000000081c00000| Untracked 
|  29|0x0000000081d00000, 0x0000000081e00000, 0x0000000081e00000|100%| O|  |TAMS 0x0000000081e00000, 0x0000000081d00000| Untracked 
|  30|0x0000000081e00000, 0x0000000081f00000, 0x0000000081f00000|100%| O|  |TAMS 0x0000000081f00000, 0x0000000081e00000| Untracked 
|  31|0x0000000081f00000, 0x0000000082000000, 0x0000000082000000|100%| O|  |TAMS 0x0000000082000000, 0x0000000081f00000| Untracked 
|  32|0x0000000082000000, 0x0000000082100000, 0x0000000082100000|100%| O|  |TAMS 0x0000000082100000, 0x0000000082000000| Untracked 
|  33|0x0000000082100000, 0x0000000082200000, 0x0000000082200000|100%| O|  |TAMS 0x0000000082200000, 0x0000000082100000| Untracked 
|  34|0x0000000082200000, 0x0000000082300000, 0x0000000082300000|100%| O|  |TAMS 0x0000000082300000, 0x0000000082200000| Untracked 
|  35|0x0000000082300000, 0x0000000082400000, 0x0000000082400000|100%| O|  |TAMS 0x0000000082400000, 0x0000000082300000| Untracked 
|  36|0x0000000082400000, 0x0000000082500000, 0x0000000082500000|100%| O|  |TAMS 0x0000000082500000, 0x0000000082400000| Untracked 
|  37|0x0000000082500000, 0x0000000082600000, 0x0000000082600000|100%| O|  |TAMS 0x0000000082600000, 0x0000000082500000| Untracked 
|  38|0x0000000082600000, 0x0000000082700000, 0x0000000082700000|100%| O|  |TAMS 0x0000000082700000, 0x0000000082600000| Untracked 
|  39|0x0000000082700000, 0x0000000082800000, 0x0000000082800000|100%| O|  |TAMS 0x0000000082800000, 0x0000000082700000| Untracked 
|  40|0x0000000082800000, 0x0000000082900000, 0x0000000082900000|100%| O|  |TAMS 0x0000000082900000, 0x0000000082800000| Untracked 
|  41|0x0000000082900000, 0x0000000082a00000, 0x0000000082a00000|100%| O|  |TAMS 0x0000000082a00000, 0x0000000082900000| Untracked 
|  42|0x0000000082a00000, 0x0000000082b00000, 0x0000000082b00000|100%| O|  |TAMS 0x0000000082b00000, 0x0000000082a00000| Untracked 
|  43|0x0000000082b00000, 0x0000000082c00000, 0x0000000082c00000|100%| O|  |TAMS 0x0000000082c00000, 0x0000000082b00000| Untracked 
|  44|0x0000000082c00000, 0x0000000082d00000, 0x0000000082d00000|100%| O|  |TAMS 0x0000000082d00000, 0x0000000082c00000| Untracked 
|  45|0x0000000082d00000, 0x0000000082e00000, 0x0000000082e00000|100%| O|  |TAMS 0x0000000082e00000, 0x0000000082d00000| Untracked 
|  46|0x0000000082e00000, 0x0000000082f00000, 0x0000000082f00000|100%| O|  |TAMS 0x0000000082f00000, 0x0000000082e00000| Untracked 
|  47|0x0000000082f00000, 0x0000000083000000, 0x0000000083000000|100%| O|  |TAMS 0x0000000083000000, 0x0000000082f00000| Untracked 
|  48|0x0000000083000000, 0x0000000083100000, 0x0000000083100000|100%| O|  |TAMS 0x0000000083100000, 0x0000000083000000| Untracked 
|  49|0x0000000083100000, 0x0000000083200000, 0x0000000083200000|100%|HS|  |TAMS 0x0000000083200000, 0x0000000083100000| Complete 
|  50|0x0000000083200000, 0x0000000083300000, 0x0000000083300000|100%|HC|  |TAMS 0x0000000083300000, 0x0000000083200000| Complete 
|  51|0x0000000083300000, 0x0000000083400000, 0x0000000083400000|100%|HC|  |TAMS 0x0000000083400000, 0x0000000083300000| Complete 
|  52|0x0000000083400000, 0x0000000083500000, 0x0000000083500000|100%|HS|  |TAMS 0x0000000083500000, 0x0000000083400000| Complete 
|  53|0x0000000083500000, 0x0000000083600000, 0x0000000083600000|100%|HC|  |TAMS 0x0000000083600000, 0x0000000083500000| Complete 
|  54|0x0000000083600000, 0x0000000083700000, 0x0000000083700000|100%|HC|  |TAMS 0x0000000083700000, 0x0000000083600000| Complete 
|  55|0x0000000083700000, 0x0000000083800000, 0x0000000083800000|100%| O|  |TAMS 0x0000000083800000, 0x0000000083700000| Untracked 
|  56|0x0000000083800000, 0x0000000083900000, 0x0000000083900000|100%| O|  |TAMS 0x0000000083900000, 0x0000000083800000| Untracked 
|  57|0x0000000083900000, 0x0000000083a00000, 0x0000000083a00000|100%| O|  |TAMS 0x0000000083a00000, 0x0000000083900000| Untracked 
|  58|0x0000000083a00000, 0x0000000083b00000, 0x0000000083b00000|100%| O|  |TAMS 0x0000000083b00000, 0x0000000083a00000| Untracked 
|  59|0x0000000083b00000, 0x0000000083c00000, 0x0000000083c00000|100%| O|  |TAMS 0x0000000083c00000, 0x0000000083b00000| Untracked 
|  60|0x0000000083c00000, 0x0000000083d00000, 0x0000000083d00000|100%|HS|  |TAMS 0x0000000083d00000, 0x0000000083c00000| Complete 
|  61|0x0000000083d00000, 0x0000000083e00000, 0x0000000083e00000|100%|HC|  |TAMS 0x0000000083e00000, 0x0000000083d00000| Complete 
|  62|0x0000000083e00000, 0x0000000083f00000, 0x0000000083f00000|100%|HC|  |TAMS 0x0000000083f00000, 0x0000000083e00000| Complete 
|  63|0x0000000083f00000, 0x0000000084000000, 0x0000000084000000|100%| O|  |TAMS 0x0000000084000000, 0x0000000083f00000| Untracked 
|  64|0x0000000084000000, 0x0000000084100000, 0x0000000084100000|100%| O|  |TAMS 0x0000000084100000, 0x0000000084000000| Untracked 
|  65|0x0000000084100000, 0x0000000084200000, 0x0000000084200000|100%| O|  |TAMS 0x0000000084200000, 0x0000000084100000| Untracked 
|  66|0x0000000084200000, 0x0000000084300000, 0x0000000084300000|100%| O|  |TAMS 0x0000000084300000, 0x0000000084200000| Untracked 
|  67|0x0000000084300000, 0x0000000084400000, 0x0000000084400000|100%| O|  |TAMS 0x0000000084400000, 0x0000000084300000| Untracked 
|  68|0x0000000084400000, 0x0000000084500000, 0x0000000084500000|100%| O|  |TAMS 0x0000000084500000, 0x0000000084400000| Untracked 
|  69|0x0000000084500000, 0x0000000084600000, 0x0000000084600000|100%| O|  |TAMS 0x0000000084600000, 0x0000000084500000| Untracked 
|  70|0x0000000084600000, 0x0000000084700000, 0x0000000084700000|100%| O|  |TAMS 0x0000000084700000, 0x0000000084600000| Untracked 
|  71|0x0000000084700000, 0x0000000084800000, 0x0000000084800000|100%| O|  |TAMS 0x0000000084800000, 0x0000000084700000| Untracked 
|  72|0x0000000084800000, 0x0000000084900000, 0x0000000084900000|100%| O|  |TAMS 0x0000000084900000, 0x0000000084800000| Untracked 
|  73|0x0000000084900000, 0x0000000084a00000, 0x0000000084a00000|100%| O|  |TAMS 0x0000000084a00000, 0x0000000084900000| Untracked 
|  74|0x0000000084a00000, 0x0000000084b00000, 0x0000000084b00000|100%| O|  |TAMS 0x0000000084b00000, 0x0000000084a00000| Untracked 
|  75|0x0000000084b00000, 0x0000000084c00000, 0x0000000084c00000|100%| O|  |TAMS 0x0000000084c00000, 0x0000000084b00000| Untracked 
|  76|0x0000000084c00000, 0x0000000084d00000, 0x0000000084d00000|100%| O|  |TAMS 0x0000000084d00000, 0x0000000084c00000| Untracked 
|  77|0x0000000084d00000, 0x0000000084e00000, 0x0000000084e00000|100%| O|  |TAMS 0x0000000084e00000, 0x0000000084d00000| Untracked 
|  78|0x0000000084e00000, 0x0000000084f00000, 0x0000000084f00000|100%| O|  |TAMS 0x0000000084f00000, 0x0000000084e00000| Untracked 
|  79|0x0000000084f00000, 0x0000000085000000, 0x0000000085000000|100%| O|  |TAMS 0x0000000085000000, 0x0000000084f00000| Untracked 
|  80|0x0000000085000000, 0x0000000085100000, 0x0000000085100000|100%| O|  |TAMS 0x0000000085100000, 0x0000000085000000| Untracked 
|  81|0x0000000085100000, 0x0000000085200000, 0x0000000085200000|100%| O|  |TAMS 0x0000000085200000, 0x0000000085100000| Untracked 
|  82|0x0000000085200000, 0x0000000085300000, 0x0000000085300000|100%| O|  |TAMS 0x0000000085300000, 0x0000000085200000| Untracked 
|  83|0x0000000085300000, 0x0000000085400000, 0x0000000085400000|100%| O|  |TAMS 0x0000000085400000, 0x0000000085300000| Untracked 
|  84|0x0000000085400000, 0x0000000085500000, 0x0000000085500000|100%| O|  |TAMS 0x0000000085500000, 0x0000000085400000| Untracked 
|  85|0x0000000085500000, 0x0000000085600000, 0x0000000085600000|100%| O|  |TAMS 0x0000000085600000, 0x0000000085500000| Untracked 
|  86|0x0000000085600000, 0x0000000085700000, 0x0000000085700000|100%| O|  |TAMS 0x0000000085700000, 0x0000000085600000| Untracked 
|  87|0x0000000085700000, 0x0000000085800000, 0x0000000085800000|100%| O|  |TAMS 0x0000000085800000, 0x0000000085700000| Untracked 
|  88|0x0000000085800000, 0x0000000085900000, 0x0000000085900000|100%| O|  |TAMS 0x0000000085900000, 0x0000000085800000| Untracked 
|  89|0x0000000085900000, 0x0000000085a00000, 0x0000000085a00000|100%| O|  |TAMS 0x0000000085a00000, 0x0000000085900000| Untracked 
|  90|0x0000000085a00000, 0x0000000085b00000, 0x0000000085b00000|100%| O|  |TAMS 0x0000000085b00000, 0x0000000085a00000| Untracked 
|  91|0x0000000085b00000, 0x0000000085c00000, 0x0000000085c00000|100%| O|  |TAMS 0x0000000085c00000, 0x0000000085b00000| Untracked 
|  92|0x0000000085c00000, 0x0000000085d00000, 0x0000000085d00000|100%| O|  |TAMS 0x0000000085d00000, 0x0000000085c00000| Untracked 
|  93|0x0000000085d00000, 0x0000000085e00000, 0x0000000085e00000|100%| O|  |TAMS 0x0000000085e00000, 0x0000000085d00000| Untracked 
|  94|0x0000000085e00000, 0x0000000085f00000, 0x0000000085f00000|100%| O|  |TAMS 0x0000000085f00000, 0x0000000085e00000| Untracked 
|  95|0x0000000085f00000, 0x0000000086000000, 0x0000000086000000|100%| O|  |TAMS 0x0000000086000000, 0x0000000085f00000| Untracked 
|  96|0x0000000086000000, 0x0000000086100000, 0x0000000086100000|100%| O|  |TAMS 0x0000000086100000, 0x0000000086000000| Untracked 
|  97|0x0000000086100000, 0x0000000086200000, 0x0000000086200000|100%| O|  |TAMS 0x0000000086200000, 0x0000000086100000| Untracked 
|  98|0x0000000086200000, 0x0000000086300000, 0x0000000086300000|100%|HS|  |TAMS 0x0000000086300000, 0x0000000086200000| Complete 
|  99|0x0000000086300000, 0x0000000086400000, 0x0000000086400000|100%|HS|  |TAMS 0x0000000086400000, 0x0000000086300000| Complete 
| 100|0x0000000086400000, 0x0000000086500000, 0x0000000086500000|100%|HS|  |TAMS 0x0000000086500000, 0x0000000086400000| Complete 
| 101|0x0000000086500000, 0x0000000086600000, 0x0000000086600000|100%|HS|  |TAMS 0x0000000086600000, 0x0000000086500000| Complete 
| 102|0x0000000086600000, 0x0000000086700000, 0x0000000086700000|100%| O|  |TAMS 0x0000000086700000, 0x0000000086600000| Untracked 
| 103|0x0000000086700000, 0x0000000086800000, 0x0000000086800000|100%|HS|  |TAMS 0x0000000086800000, 0x0000000086700000| Complete 
| 104|0x0000000086800000, 0x0000000086900000, 0x0000000086900000|100%|HS|  |TAMS 0x0000000086900000, 0x0000000086800000| Complete 
| 105|0x0000000086900000, 0x0000000086a00000, 0x0000000086a00000|100%| O|  |TAMS 0x0000000086a00000, 0x0000000086900000| Untracked 
| 106|0x0000000086a00000, 0x0000000086b00000, 0x0000000086b00000|100%| O|  |TAMS 0x0000000086b00000, 0x0000000086a00000| Untracked 
| 107|0x0000000086b00000, 0x0000000086c00000, 0x0000000086c00000|100%| O|  |TAMS 0x0000000086c00000, 0x0000000086b00000| Untracked 
| 108|0x0000000086c00000, 0x0000000086d00000, 0x0000000086d00000|100%|HS|  |TAMS 0x0000000086d00000, 0x0000000086c00000| Complete 
| 109|0x0000000086d00000, 0x0000000086e00000, 0x0000000086e00000|100%|HS|  |TAMS 0x0000000086e00000, 0x0000000086d00000| Complete 
| 110|0x0000000086e00000, 0x0000000086f00000, 0x0000000086f00000|100%|HC|  |TAMS 0x0000000086f00000, 0x0000000086e00000| Complete 
| 111|0x0000000086f00000, 0x0000000087000000, 0x0000000087000000|100%|HC|  |TAMS 0x0000000087000000, 0x0000000086f00000| Complete 
| 112|0x0000000087000000, 0x0000000087100000, 0x0000000087100000|100%| O|  |TAMS 0x0000000087100000, 0x0000000087000000| Untracked 
| 113|0x0000000087100000, 0x0000000087200000, 0x0000000087200000|100%| O|  |TAMS 0x0000000087200000, 0x0000000087100000| Untracked 
| 114|0x0000000087200000, 0x0000000087300000, 0x0000000087300000|100%| O|  |TAMS 0x0000000087300000, 0x0000000087200000| Untracked 
| 115|0x0000000087300000, 0x0000000087400000, 0x0000000087400000|100%| O|  |TAMS 0x0000000087400000, 0x0000000087300000| Untracked 
| 116|0x0000000087400000, 0x0000000087500000, 0x0000000087500000|100%| O|  |TAMS 0x0000000087500000, 0x0000000087400000| Untracked 
| 117|0x0000000087500000, 0x0000000087600000, 0x0000000087600000|100%| O|  |TAMS 0x0000000087600000, 0x0000000087500000| Untracked 
| 118|0x0000000087600000, 0x0000000087700000, 0x0000000087700000|100%| O|  |TAMS 0x0000000087700000, 0x0000000087600000| Untracked 
| 119|0x0000000087700000, 0x0000000087800000, 0x0000000087800000|100%| O|  |TAMS 0x0000000087800000, 0x0000000087700000| Untracked 
| 120|0x0000000087800000, 0x0000000087900000, 0x0000000087900000|100%| O|  |TAMS 0x0000000087900000, 0x0000000087800000| Untracked 
| 121|0x0000000087900000, 0x0000000087a00000, 0x0000000087a00000|100%| O|  |TAMS 0x0000000087a00000, 0x0000000087900000| Untracked 
| 122|0x0000000087a00000, 0x0000000087b00000, 0x0000000087b00000|100%| O|  |TAMS 0x0000000087b00000, 0x0000000087a00000| Untracked 
| 123|0x0000000087b00000, 0x0000000087c00000, 0x0000000087c00000|100%| O|  |TAMS 0x0000000087c00000, 0x0000000087b00000| Untracked 
| 124|0x0000000087c00000, 0x0000000087d00000, 0x0000000087d00000|100%| O|  |TAMS 0x0000000087d00000, 0x0000000087c00000| Untracked 
| 125|0x0000000087d00000, 0x0000000087e00000, 0x0000000087e00000|100%| O|  |TAMS 0x0000000087e00000, 0x0000000087d00000| Untracked 
| 126|0x0000000087e00000, 0x0000000087f00000, 0x0000000087f00000|100%| O|  |TAMS 0x0000000087f00000, 0x0000000087e00000| Untracked 
| 127|0x0000000087f00000, 0x0000000088000000, 0x0000000088000000|100%| O|  |TAMS 0x0000000088000000, 0x0000000087f00000| Untracked 
| 128|0x0000000088000000, 0x0000000088100000, 0x0000000088100000|100%| O|  |TAMS 0x0000000088100000, 0x0000000088000000| Untracked 
| 129|0x0000000088100000, 0x0000000088200000, 0x0000000088200000|100%| O|  |TAMS 0x0000000088200000, 0x0000000088100000| Untracked 
| 130|0x0000000088200000, 0x0000000088300000, 0x0000000088300000|100%| O|  |TAMS 0x0000000088300000, 0x0000000088200000| Untracked 
| 131|0x0000000088300000, 0x0000000088400000, 0x0000000088400000|100%| O|  |TAMS 0x0000000088400000, 0x0000000088300000| Untracked 
| 132|0x0000000088400000, 0x0000000088500000, 0x0000000088500000|100%| O|  |TAMS 0x0000000088500000, 0x0000000088400000| Untracked 
| 133|0x0000000088500000, 0x0000000088600000, 0x0000000088600000|100%| O|  |TAMS 0x0000000088600000, 0x0000000088500000| Untracked 
| 134|0x0000000088600000, 0x0000000088700000, 0x0000000088700000|100%| O|  |TAMS 0x0000000088700000, 0x0000000088600000| Untracked 
| 135|0x0000000088700000, 0x0000000088800000, 0x0000000088800000|100%| O|  |TAMS 0x0000000088800000, 0x0000000088700000| Untracked 
| 136|0x0000000088800000, 0x0000000088900000, 0x0000000088900000|100%| O|  |TAMS 0x0000000088900000, 0x0000000088800000| Untracked 
| 137|0x0000000088900000, 0x0000000088a00000, 0x0000000088a00000|100%| O|  |TAMS 0x0000000088a00000, 0x0000000088900000| Untracked 
| 138|0x0000000088a00000, 0x0000000088b00000, 0x0000000088b00000|100%| O|  |TAMS 0x0000000088b00000, 0x0000000088a00000| Untracked 
| 139|0x0000000088b00000, 0x0000000088c00000, 0x0000000088c00000|100%| O|  |TAMS 0x0000000088c00000, 0x0000000088b00000| Untracked 
| 140|0x0000000088c00000, 0x0000000088d00000, 0x0000000088d00000|100%| O|  |TAMS 0x0000000088d00000, 0x0000000088c00000| Untracked 
| 141|0x0000000088d00000, 0x0000000088e00000, 0x0000000088e00000|100%| O|  |TAMS 0x0000000088e00000, 0x0000000088d00000| Untracked 
| 142|0x0000000088e00000, 0x0000000088f00000, 0x0000000088f00000|100%| O|  |TAMS 0x0000000088f00000, 0x0000000088e00000| Untracked 
| 143|0x0000000088f00000, 0x0000000089000000, 0x0000000089000000|100%| O|  |TAMS 0x0000000089000000, 0x0000000088f00000| Untracked 
| 144|0x0000000089000000, 0x0000000089100000, 0x0000000089100000|100%| O|  |TAMS 0x0000000089100000, 0x0000000089000000| Untracked 
| 145|0x0000000089100000, 0x0000000089200000, 0x0000000089200000|100%| O|  |TAMS 0x0000000089200000, 0x0000000089100000| Untracked 
| 146|0x0000000089200000, 0x0000000089300000, 0x0000000089300000|100%| O|  |TAMS 0x0000000089300000, 0x0000000089200000| Untracked 
| 147|0x0000000089300000, 0x0000000089400000, 0x0000000089400000|100%| O|  |TAMS 0x0000000089400000, 0x0000000089300000| Untracked 
| 148|0x0000000089400000, 0x0000000089500000, 0x0000000089500000|100%| O|  |TAMS 0x0000000089500000, 0x0000000089400000| Untracked 
| 149|0x0000000089500000, 0x0000000089600000, 0x0000000089600000|100%| O|  |TAMS 0x0000000089600000, 0x0000000089500000| Untracked 
| 150|0x0000000089600000, 0x0000000089700000, 0x0000000089700000|100%| O|  |TAMS 0x0000000089700000, 0x0000000089600000| Untracked 
| 151|0x0000000089700000, 0x0000000089800000, 0x0000000089800000|100%| O|  |TAMS 0x0000000089800000, 0x0000000089700000| Untracked 
| 152|0x0000000089800000, 0x0000000089900000, 0x0000000089900000|100%| O|  |TAMS 0x0000000089900000, 0x0000000089800000| Untracked 
| 153|0x0000000089900000, 0x0000000089a00000, 0x0000000089a00000|100%| O|  |TAMS 0x0000000089a00000, 0x0000000089900000| Untracked 
| 154|0x0000000089a00000, 0x0000000089b00000, 0x0000000089b00000|100%| O|  |TAMS 0x0000000089b00000, 0x0000000089a00000| Untracked 
| 155|0x0000000089b00000, 0x0000000089c00000, 0x0000000089c00000|100%| O|  |TAMS 0x0000000089c00000, 0x0000000089b00000| Untracked 
| 156|0x0000000089c00000, 0x0000000089d00000, 0x0000000089d00000|100%| O|  |TAMS 0x0000000089d00000, 0x0000000089c00000| Untracked 
| 157|0x0000000089d00000, 0x0000000089e00000, 0x0000000089e00000|100%| O|  |TAMS 0x0000000089e00000, 0x0000000089d00000| Untracked 
| 158|0x0000000089e00000, 0x0000000089f00000, 0x0000000089f00000|100%| O|  |TAMS 0x0000000089f00000, 0x0000000089e00000| Untracked 
| 159|0x0000000089f00000, 0x000000008a000000, 0x000000008a000000|100%|HS|  |TAMS 0x000000008a000000, 0x0000000089f00000| Complete 
| 160|0x000000008a000000, 0x000000008a100000, 0x000000008a100000|100%|HS|  |TAMS 0x000000008a100000, 0x000000008a000000| Complete 
| 161|0x000000008a100000, 0x000000008a200000, 0x000000008a200000|100%|HS|  |TAMS 0x000000008a200000, 0x000000008a100000| Complete 
| 162|0x000000008a200000, 0x000000008a300000, 0x000000008a300000|100%| O|  |TAMS 0x000000008a300000, 0x000000008a200000| Untracked 
| 163|0x000000008a300000, 0x000000008a400000, 0x000000008a400000|100%| O|  |TAMS 0x000000008a400000, 0x000000008a300000| Untracked 
| 164|0x000000008a400000, 0x000000008a500000, 0x000000008a500000|100%| O|  |TAMS 0x000000008a500000, 0x000000008a400000| Untracked 
| 165|0x000000008a500000, 0x000000008a600000, 0x000000008a600000|100%| O|  |TAMS 0x000000008a600000, 0x000000008a500000| Untracked 
| 166|0x000000008a600000, 0x000000008a700000, 0x000000008a700000|100%| O|  |TAMS 0x000000008a700000, 0x000000008a600000| Untracked 
| 167|0x000000008a700000, 0x000000008a800000, 0x000000008a800000|100%| O|  |TAMS 0x000000008a800000, 0x000000008a700000| Untracked 
| 168|0x000000008a800000, 0x000000008a900000, 0x000000008a900000|100%| O|  |TAMS 0x000000008a900000, 0x000000008a800000| Untracked 
| 169|0x000000008a900000, 0x000000008aa00000, 0x000000008aa00000|100%| O|  |TAMS 0x000000008aa00000, 0x000000008a900000| Untracked 
| 170|0x000000008aa00000, 0x000000008ab00000, 0x000000008ab00000|100%| O|  |TAMS 0x000000008ab00000, 0x000000008aa00000| Untracked 
| 171|0x000000008ab00000, 0x000000008ac00000, 0x000000008ac00000|100%| O|  |TAMS 0x000000008ac00000, 0x000000008ab00000| Untracked 
| 172|0x000000008ac00000, 0x000000008ad00000, 0x000000008ad00000|100%| O|  |TAMS 0x000000008ad00000, 0x000000008ac00000| Untracked 
| 173|0x000000008ad00000, 0x000000008ae00000, 0x000000008ae00000|100%| O|  |TAMS 0x000000008ae00000, 0x000000008ad00000| Untracked 
| 174|0x000000008ae00000, 0x000000008af00000, 0x000000008af00000|100%| O|  |TAMS 0x000000008af00000, 0x000000008ae00000| Untracked 
| 175|0x000000008af00000, 0x000000008b000000, 0x000000008b000000|100%|HS|  |TAMS 0x000000008b000000, 0x000000008af00000| Complete 
| 176|0x000000008b000000, 0x000000008b100000, 0x000000008b100000|100%|HS|  |TAMS 0x000000008b100000, 0x000000008b000000| Complete 
| 177|0x000000008b100000, 0x000000008b200000, 0x000000008b200000|100%| O|  |TAMS 0x000000008b200000, 0x000000008b100000| Untracked 
| 178|0x000000008b200000, 0x000000008b300000, 0x000000008b300000|100%| O|  |TAMS 0x000000008b300000, 0x000000008b200000| Untracked 
| 179|0x000000008b300000, 0x000000008b400000, 0x000000008b400000|100%| O|  |TAMS 0x000000008b400000, 0x000000008b300000| Untracked 
| 180|0x000000008b400000, 0x000000008b500000, 0x000000008b500000|100%| O|  |TAMS 0x000000008b500000, 0x000000008b400000| Untracked 
| 181|0x000000008b500000, 0x000000008b600000, 0x000000008b600000|100%| O|  |TAMS 0x000000008b600000, 0x000000008b500000| Untracked 
| 182|0x000000008b600000, 0x000000008b700000, 0x000000008b700000|100%| O|  |TAMS 0x000000008b700000, 0x000000008b600000| Untracked 
| 183|0x000000008b700000, 0x000000008b800000, 0x000000008b800000|100%| O|  |TAMS 0x000000008b800000, 0x000000008b700000| Untracked 
| 184|0x000000008b800000, 0x000000008b900000, 0x000000008b900000|100%| O|  |TAMS 0x000000008b900000, 0x000000008b800000| Untracked 
| 185|0x000000008b900000, 0x000000008ba00000, 0x000000008ba00000|100%| O|  |TAMS 0x000000008ba00000, 0x000000008b900000| Untracked 
| 186|0x000000008ba00000, 0x000000008bb00000, 0x000000008bb00000|100%| O|  |TAMS 0x000000008ba00000, 0x000000008ba00000| Untracked 
| 187|0x000000008bb00000, 0x000000008bc00000, 0x000000008bc00000|100%| O|  |TAMS 0x000000008bc00000, 0x000000008bb00000| Untracked 
| 188|0x000000008bc00000, 0x000000008bd00000, 0x000000008bd00000|100%| O|  |TAMS 0x000000008bd00000, 0x000000008bc00000| Untracked 
| 189|0x000000008bd00000, 0x000000008be00000, 0x000000008be00000|100%| O|  |TAMS 0x000000008be00000, 0x000000008bd00000| Untracked 
| 190|0x000000008be00000, 0x000000008bf00000, 0x000000008bf00000|100%| O|  |TAMS 0x000000008bf00000, 0x000000008be00000| Untracked 
| 191|0x000000008bf00000, 0x000000008c000000, 0x000000008c000000|100%| O|  |TAMS 0x000000008c000000, 0x000000008bf00000| Untracked 
| 192|0x000000008c000000, 0x000000008c100000, 0x000000008c100000|100%|HS|  |TAMS 0x000000008c100000, 0x000000008c000000| Complete 
| 193|0x000000008c100000, 0x000000008c200000, 0x000000008c200000|100%|HC|  |TAMS 0x000000008c200000, 0x000000008c100000| Complete 
| 194|0x000000008c200000, 0x000000008c300000, 0x000000008c300000|100%|HS|  |TAMS 0x000000008c200000, 0x000000008c200000| Complete 
| 195|0x000000008c300000, 0x000000008c400000, 0x000000008c400000|100%| O|  |TAMS 0x000000008c400000, 0x000000008c300000| Untracked 
| 196|0x000000008c400000, 0x000000008c500000, 0x000000008c500000|100%| O|  |TAMS 0x000000008c500000, 0x000000008c400000| Untracked 
| 197|0x000000008c500000, 0x000000008c600000, 0x000000008c600000|100%| O|  |TAMS 0x000000008c600000, 0x000000008c500000| Untracked 
| 198|0x000000008c600000, 0x000000008c700000, 0x000000008c700000|100%| O|  |TAMS 0x000000008c700000, 0x000000008c600000| Untracked 
| 199|0x000000008c700000, 0x000000008c800000, 0x000000008c800000|100%| O|  |TAMS 0x000000008c800000, 0x000000008c700000| Untracked 
| 200|0x000000008c800000, 0x000000008c900000, 0x000000008c900000|100%| O|  |TAMS 0x000000008c900000, 0x000000008c800000| Untracked 
| 201|0x000000008c900000, 0x000000008ca00000, 0x000000008ca00000|100%| O|  |TAMS 0x000000008ca00000, 0x000000008c900000| Untracked 
| 202|0x000000008ca00000, 0x000000008cb00000, 0x000000008cb00000|100%| O|  |TAMS 0x000000008cb00000, 0x000000008ca00000| Untracked 
| 203|0x000000008cb00000, 0x000000008cc00000, 0x000000008cc00000|100%| O|  |TAMS 0x000000008cc00000, 0x000000008cb00000| Untracked 
| 204|0x000000008cc00000, 0x000000008cd00000, 0x000000008cd00000|100%| O|  |TAMS 0x000000008cd00000, 0x000000008cc00000| Untracked 
| 205|0x000000008cd00000, 0x000000008ce00000, 0x000000008ce00000|100%| O|  |TAMS 0x000000008ce00000, 0x000000008cd00000| Untracked 
| 206|0x000000008ce00000, 0x000000008cf00000, 0x000000008cf00000|100%|HS|  |TAMS 0x000000008cf00000, 0x000000008ce00000| Complete 
| 207|0x000000008cf00000, 0x000000008d000000, 0x000000008d000000|100%|HS|  |TAMS 0x000000008d000000, 0x000000008cf00000| Complete 
| 208|0x000000008d000000, 0x000000008d100000, 0x000000008d100000|100%| O|  |TAMS 0x000000008d100000, 0x000000008d000000| Untracked 
| 209|0x000000008d100000, 0x000000008d200000, 0x000000008d200000|100%| O|  |TAMS 0x000000008d200000, 0x000000008d100000| Untracked 
| 210|0x000000008d200000, 0x000000008d300000, 0x000000008d300000|100%| O|  |TAMS 0x000000008d300000, 0x000000008d200000| Untracked 
| 211|0x000000008d300000, 0x000000008d400000, 0x000000008d400000|100%|HS|  |TAMS 0x000000008d400000, 0x000000008d300000| Complete 
| 212|0x000000008d400000, 0x000000008d500000, 0x000000008d500000|100%|HC|  |TAMS 0x000000008d500000, 0x000000008d400000| Complete 
| 213|0x000000008d500000, 0x000000008d600000, 0x000000008d600000|100%| O|  |TAMS 0x000000008d600000, 0x000000008d500000| Untracked 
| 214|0x000000008d600000, 0x000000008d700000, 0x000000008d700000|100%| O|  |TAMS 0x000000008d700000, 0x000000008d600000| Untracked 
| 215|0x000000008d700000, 0x000000008d800000, 0x000000008d800000|100%| O|  |TAMS 0x000000008d800000, 0x000000008d700000| Untracked 
| 216|0x000000008d800000, 0x000000008d900000, 0x000000008d900000|100%| O|  |TAMS 0x000000008d800000, 0x000000008d800000| Untracked 
| 217|0x000000008d900000, 0x000000008da00000, 0x000000008da00000|100%| O|  |TAMS 0x000000008da00000, 0x000000008d900000| Untracked 
| 218|0x000000008da00000, 0x000000008db00000, 0x000000008db00000|100%| O|  |TAMS 0x000000008db00000, 0x000000008da00000| Untracked 
| 219|0x000000008db00000, 0x000000008dc00000, 0x000000008dc00000|100%| O|  |TAMS 0x000000008dc00000, 0x000000008db00000| Untracked 
| 220|0x000000008dc00000, 0x000000008dd00000, 0x000000008dd00000|100%| O|  |TAMS 0x000000008dd00000, 0x000000008dc00000| Untracked 
| 221|0x000000008dd00000, 0x000000008de00000, 0x000000008de00000|100%| O|  |TAMS 0x000000008de00000, 0x000000008dd00000| Untracked 
| 222|0x000000008de00000, 0x000000008df00000, 0x000000008df00000|100%| O|  |TAMS 0x000000008df00000, 0x000000008de00000| Untracked 
| 223|0x000000008df00000, 0x000000008e000000, 0x000000008e000000|100%| O|  |TAMS 0x000000008e000000, 0x000000008df00000| Untracked 
| 224|0x000000008e000000, 0x000000008e100000, 0x000000008e100000|100%| O|  |TAMS 0x000000008e100000, 0x000000008e000000| Untracked 
| 225|0x000000008e100000, 0x000000008e200000, 0x000000008e200000|100%| O|  |TAMS 0x000000008e200000, 0x000000008e100000| Untracked 
| 226|0x000000008e200000, 0x000000008e300000, 0x000000008e300000|100%|HS|  |TAMS 0x000000008e200000, 0x000000008e200000| Complete 
| 227|0x000000008e300000, 0x000000008e400000, 0x000000008e400000|100%| O|  |TAMS 0x000000008e400000, 0x000000008e300000| Untracked 
| 228|0x000000008e400000, 0x000000008e500000, 0x000000008e500000|100%| O|  |TAMS 0x000000008e500000, 0x000000008e400000| Untracked 
| 229|0x000000008e500000, 0x000000008e600000, 0x000000008e600000|100%| O|  |TAMS 0x000000008e600000, 0x000000008e500000| Untracked 
| 230|0x000000008e600000, 0x000000008e700000, 0x000000008e700000|100%| O|  |TAMS 0x000000008e700000, 0x000000008e600000| Untracked 
| 231|0x000000008e700000, 0x000000008e800000, 0x000000008e800000|100%| O|  |TAMS 0x000000008e800000, 0x000000008e700000| Untracked 
| 232|0x000000008e800000, 0x000000008e900000, 0x000000008e900000|100%| O|  |TAMS 0x000000008e900000, 0x000000008e800000| Untracked 
| 233|0x000000008e900000, 0x000000008ea00000, 0x000000008ea00000|100%| O|  |TAMS 0x000000008ea00000, 0x000000008e900000| Untracked 
| 234|0x000000008ea00000, 0x000000008eb00000, 0x000000008eb00000|100%| O|  |TAMS 0x000000008eb00000, 0x000000008ea00000| Untracked 
| 235|0x000000008eb00000, 0x000000008ec00000, 0x000000008ec00000|100%| O|  |TAMS 0x000000008ec00000, 0x000000008eb00000| Untracked 
| 236|0x000000008ec00000, 0x000000008ed00000, 0x000000008ed00000|100%| O|  |TAMS 0x000000008ed00000, 0x000000008ec00000| Untracked 
| 237|0x000000008ed00000, 0x000000008ee00000, 0x000000008ee00000|100%| O|  |TAMS 0x000000008ee00000, 0x000000008ed00000| Untracked 
| 238|0x000000008ee00000, 0x000000008ef00000, 0x000000008ef00000|100%| O|  |TAMS 0x000000008ef00000, 0x000000008ee00000| Untracked 
| 239|0x000000008ef00000, 0x000000008f000000, 0x000000008f000000|100%| O|  |TAMS 0x000000008f000000, 0x000000008ef00000| Untracked 
| 240|0x000000008f000000, 0x000000008f100000, 0x000000008f100000|100%| O|  |TAMS 0x000000008f100000, 0x000000008f000000| Untracked 
| 241|0x000000008f100000, 0x000000008f200000, 0x000000008f200000|100%| O|  |TAMS 0x000000008f200000, 0x000000008f100000| Untracked 
| 242|0x000000008f200000, 0x000000008f300000, 0x000000008f300000|100%| O|  |TAMS 0x000000008f300000, 0x000000008f200000| Untracked 
| 243|0x000000008f300000, 0x000000008f400000, 0x000000008f400000|100%| O|  |TAMS 0x000000008f400000, 0x000000008f300000| Untracked 
| 244|0x000000008f400000, 0x000000008f500000, 0x000000008f500000|100%| O|  |TAMS 0x000000008f500000, 0x000000008f400000| Untracked 
| 245|0x000000008f500000, 0x000000008f600000, 0x000000008f600000|100%| O|  |TAMS 0x000000008f600000, 0x000000008f500000| Untracked 
| 246|0x000000008f600000, 0x000000008f700000, 0x000000008f700000|100%| O|  |TAMS 0x000000008f600000, 0x000000008f600000| Untracked 
| 247|0x000000008f700000, 0x000000008f800000, 0x000000008f800000|100%| O|  |TAMS 0x000000008f800000, 0x000000008f700000| Untracked 
| 248|0x000000008f800000, 0x000000008f900000, 0x000000008f900000|100%| O|  |TAMS 0x000000008f900000, 0x000000008f800000| Untracked 
| 249|0x000000008f900000, 0x000000008fa00000, 0x000000008fa00000|100%| O|  |TAMS 0x000000008fa00000, 0x000000008f900000| Untracked 
| 250|0x000000008fa00000, 0x000000008fb00000, 0x000000008fb00000|100%| O|  |TAMS 0x000000008fb00000, 0x000000008fa00000| Untracked 
| 251|0x000000008fb00000, 0x000000008fc00000, 0x000000008fc00000|100%| O|  |TAMS 0x000000008fc00000, 0x000000008fb00000| Untracked 
| 252|0x000000008fc00000, 0x000000008fd00000, 0x000000008fd00000|100%| O|  |TAMS 0x000000008fd00000, 0x000000008fc00000| Untracked 
| 253|0x000000008fd00000, 0x000000008fe00000, 0x000000008fe00000|100%| O|  |TAMS 0x000000008fe00000, 0x000000008fd00000| Untracked 
| 254|0x000000008fe00000, 0x000000008ff00000, 0x000000008ff00000|100%| O|  |TAMS 0x000000008ff00000, 0x000000008fe00000| Untracked 
| 255|0x000000008ff00000, 0x0000000090000000, 0x0000000090000000|100%| O|  |TAMS 0x0000000090000000, 0x000000008ff00000| Untracked 
| 256|0x0000000090000000, 0x0000000090100000, 0x0000000090100000|100%|HS|  |TAMS 0x0000000090000000, 0x0000000090000000| Complete 
| 257|0x0000000090100000, 0x0000000090200000, 0x0000000090200000|100%| O|  |TAMS 0x0000000090200000, 0x0000000090100000| Untracked 
| 258|0x0000000090200000, 0x0000000090300000, 0x0000000090300000|100%| O|  |TAMS 0x0000000090300000, 0x0000000090200000| Untracked 
| 259|0x0000000090300000, 0x0000000090400000, 0x0000000090400000|100%| O|  |TAMS 0x0000000090400000, 0x0000000090300000| Untracked 
| 260|0x0000000090400000, 0x0000000090500000, 0x0000000090500000|100%| O|  |TAMS 0x0000000090500000, 0x0000000090400000| Untracked 
| 261|0x0000000090500000, 0x0000000090600000, 0x0000000090600000|100%| O|  |TAMS 0x0000000090500000, 0x0000000090500000| Untracked 
| 262|0x0000000090600000, 0x0000000090700000, 0x0000000090700000|100%| O|  |TAMS 0x0000000090700000, 0x0000000090600000| Untracked 
| 263|0x0000000090700000, 0x0000000090800000, 0x0000000090800000|100%| O|  |TAMS 0x0000000090800000, 0x0000000090700000| Untracked 
| 264|0x0000000090800000, 0x0000000090900000, 0x0000000090900000|100%| O|  |TAMS 0x0000000090900000, 0x0000000090800000| Untracked 
| 265|0x0000000090900000, 0x0000000090a00000, 0x0000000090a00000|100%| O|  |TAMS 0x0000000090a00000, 0x0000000090900000| Untracked 
| 266|0x0000000090a00000, 0x0000000090b00000, 0x0000000090b00000|100%| O|  |TAMS 0x0000000090b00000, 0x0000000090a00000| Untracked 
| 267|0x0000000090b00000, 0x0000000090c00000, 0x0000000090c00000|100%| O|  |TAMS 0x0000000090b00000, 0x0000000090b00000| Untracked 
| 268|0x0000000090c00000, 0x0000000090d00000, 0x0000000090d00000|100%| O|  |TAMS 0x0000000090d00000, 0x0000000090c00000| Untracked 
| 269|0x0000000090d00000, 0x0000000090e00000, 0x0000000090e00000|100%| O|  |TAMS 0x0000000090d00000, 0x0000000090d00000| Untracked 
| 270|0x0000000090e00000, 0x0000000090f00000, 0x0000000090f00000|100%| O|  |TAMS 0x0000000090f00000, 0x0000000090e00000| Untracked 
| 271|0x0000000090f00000, 0x0000000091000000, 0x0000000091000000|100%| O|  |TAMS 0x0000000091000000, 0x0000000090f00000| Untracked 
| 272|0x0000000091000000, 0x0000000091100000, 0x0000000091100000|100%| O|  |TAMS 0x0000000091100000, 0x0000000091000000| Untracked 
| 273|0x0000000091100000, 0x0000000091200000, 0x0000000091200000|100%| O|  |TAMS 0x0000000091200000, 0x0000000091100000| Untracked 
| 274|0x0000000091200000, 0x0000000091300000, 0x0000000091300000|100%| O|  |TAMS 0x0000000091300000, 0x0000000091200000| Untracked 
| 275|0x0000000091300000, 0x0000000091400000, 0x0000000091400000|100%| O|  |TAMS 0x0000000091400000, 0x0000000091300000| Untracked 
| 276|0x0000000091400000, 0x0000000091500000, 0x0000000091500000|100%| O|  |TAMS 0x0000000091500000, 0x0000000091400000| Untracked 
| 277|0x0000000091500000, 0x0000000091600000, 0x0000000091600000|100%| O|  |TAMS 0x0000000091600000, 0x0000000091500000| Untracked 
| 278|0x0000000091600000, 0x0000000091700000, 0x0000000091700000|100%| O|  |TAMS 0x0000000091700000, 0x0000000091600000| Untracked 
| 279|0x0000000091700000, 0x0000000091800000, 0x0000000091800000|100%| O|  |TAMS 0x0000000091800000, 0x0000000091700000| Untracked 
| 280|0x0000000091800000, 0x0000000091900000, 0x0000000091900000|100%| O|  |TAMS 0x0000000091900000, 0x0000000091800000| Untracked 
| 281|0x0000000091900000, 0x0000000091a00000, 0x0000000091a00000|100%| O|  |TAMS 0x0000000091a00000, 0x0000000091900000| Untracked 
| 282|0x0000000091a00000, 0x0000000091b00000, 0x0000000091b00000|100%| O|  |TAMS 0x0000000091b00000, 0x0000000091a00000| Untracked 
| 283|0x0000000091b00000, 0x0000000091c00000, 0x0000000091c00000|100%| O|  |TAMS 0x0000000091c00000, 0x0000000091b00000| Untracked 
| 284|0x0000000091c00000, 0x0000000091d00000, 0x0000000091d00000|100%| O|  |TAMS 0x0000000091d00000, 0x0000000091c00000| Untracked 
| 285|0x0000000091d00000, 0x0000000091e00000, 0x0000000091e00000|100%| O|  |TAMS 0x0000000091e00000, 0x0000000091d00000| Untracked 
| 286|0x0000000091e00000, 0x0000000091f00000, 0x0000000091f00000|100%| O|  |TAMS 0x0000000091f00000, 0x0000000091e00000| Untracked 
| 287|0x0000000091f00000, 0x0000000092000000, 0x0000000092000000|100%| O|  |TAMS 0x0000000092000000, 0x0000000091f00000| Untracked 
| 288|0x0000000092000000, 0x0000000092100000, 0x0000000092100000|100%| O|  |TAMS 0x0000000092100000, 0x0000000092000000| Untracked 
| 289|0x0000000092100000, 0x0000000092200000, 0x0000000092200000|100%| O|  |TAMS 0x0000000092200000, 0x0000000092100000| Untracked 
| 290|0x0000000092200000, 0x0000000092300000, 0x0000000092300000|100%| O|  |TAMS 0x0000000092300000, 0x0000000092200000| Untracked 
| 291|0x0000000092300000, 0x0000000092400000, 0x0000000092400000|100%| O|  |TAMS 0x0000000092400000, 0x0000000092300000| Untracked 
| 292|0x0000000092400000, 0x0000000092500000, 0x0000000092500000|100%| O|  |TAMS 0x0000000092500000, 0x0000000092400000| Untracked 
| 293|0x0000000092500000, 0x0000000092600000, 0x0000000092600000|100%| O|  |TAMS 0x0000000092600000, 0x0000000092500000| Untracked 
| 294|0x0000000092600000, 0x0000000092700000, 0x0000000092700000|100%| O|  |TAMS 0x0000000092700000, 0x0000000092600000| Untracked 
| 295|0x0000000092700000, 0x0000000092800000, 0x0000000092800000|100%|HS|  |TAMS 0x0000000092700000, 0x0000000092700000| Complete 
| 296|0x0000000092800000, 0x0000000092800000, 0x0000000092900000|  0%| F|  |TAMS 0x0000000092800000, 0x0000000092800000| Untracked 
| 297|0x0000000092900000, 0x0000000092900000, 0x0000000092a00000|  0%| F|  |TAMS 0x0000000092900000, 0x0000000092900000| Untracked 
| 298|0x0000000092a00000, 0x0000000092b00000, 0x0000000092b00000|100%| O|  |TAMS 0x0000000092b00000, 0x0000000092a00000| Untracked 
| 299|0x0000000092b00000, 0x0000000092c00000, 0x0000000092c00000|100%| O|  |TAMS 0x0000000092c00000, 0x0000000092b00000| Untracked 
| 300|0x0000000092c00000, 0x0000000092d00000, 0x0000000092d00000|100%| O|  |TAMS 0x0000000092d00000, 0x0000000092c00000| Untracked 
| 301|0x0000000092d00000, 0x0000000092e00000, 0x0000000092e00000|100%| O|  |TAMS 0x0000000092e00000, 0x0000000092d00000| Untracked 
| 302|0x0000000092e00000, 0x0000000092f00000, 0x0000000092f00000|100%| O|  |TAMS 0x0000000092f00000, 0x0000000092e00000| Untracked 
| 303|0x0000000092f00000, 0x0000000093000000, 0x0000000093000000|100%| O|  |TAMS 0x0000000093000000, 0x0000000092f00000| Untracked 
| 304|0x0000000093000000, 0x0000000093100000, 0x0000000093100000|100%| O|  |TAMS 0x0000000093100000, 0x0000000093000000| Untracked 
| 305|0x0000000093100000, 0x0000000093200000, 0x0000000093200000|100%| O|  |TAMS 0x0000000093200000, 0x0000000093100000| Untracked 
| 306|0x0000000093200000, 0x0000000093300000, 0x0000000093300000|100%| O|  |TAMS 0x0000000093300000, 0x0000000093200000| Untracked 
| 307|0x0000000093300000, 0x0000000093400000, 0x0000000093400000|100%| O|  |TAMS 0x0000000093300000, 0x0000000093300000| Untracked 
| 308|0x0000000093400000, 0x0000000093500000, 0x0000000093500000|100%| O|  |TAMS 0x0000000093400000, 0x0000000093400000| Untracked 
| 309|0x0000000093500000, 0x0000000093600000, 0x0000000093600000|100%| O|  |TAMS 0x0000000093500000, 0x0000000093500000| Untracked 
| 310|0x0000000093600000, 0x0000000093700000, 0x0000000093700000|100%| O|  |TAMS 0x0000000093700000, 0x0000000093600000| Untracked 
| 311|0x0000000093700000, 0x0000000093800000, 0x0000000093800000|100%| O|  |TAMS 0x0000000093800000, 0x0000000093700000| Untracked 
| 312|0x0000000093800000, 0x0000000093900000, 0x0000000093900000|100%| O|  |TAMS 0x0000000093800000, 0x0000000093800000| Untracked 
| 313|0x0000000093900000, 0x0000000093a00000, 0x0000000093a00000|100%| O|  |TAMS 0x0000000093a00000, 0x0000000093900000| Untracked 
| 314|0x0000000093a00000, 0x0000000093b00000, 0x0000000093b00000|100%| O|  |TAMS 0x0000000093b00000, 0x0000000093a00000| Untracked 
| 315|0x0000000093b00000, 0x0000000093c00000, 0x0000000093c00000|100%| O|  |TAMS 0x0000000093c00000, 0x0000000093b00000| Untracked 
| 316|0x0000000093c00000, 0x0000000093d00000, 0x0000000093d00000|100%| O|  |TAMS 0x0000000093d00000, 0x0000000093c00000| Untracked 
| 317|0x0000000093d00000, 0x0000000093e00000, 0x0000000093e00000|100%| O|  |TAMS 0x0000000093d00000, 0x0000000093d00000| Untracked 
| 318|0x0000000093e00000, 0x0000000093f00000, 0x0000000093f00000|100%| O|  |TAMS 0x0000000093e00000, 0x0000000093e00000| Untracked 
| 319|0x0000000093f00000, 0x0000000094000000, 0x0000000094000000|100%| O|  |TAMS 0x0000000094000000, 0x0000000093f00000| Untracked 
| 320|0x0000000094000000, 0x0000000094000000, 0x0000000094100000|  0%| F|  |TAMS 0x0000000094000000, 0x0000000094000000| Untracked 
| 321|0x0000000094100000, 0x0000000094200000, 0x0000000094200000|100%| O|  |TAMS 0x0000000094100000, 0x0000000094100000| Untracked 
| 322|0x0000000094200000, 0x0000000094200000, 0x0000000094300000|  0%| F|  |TAMS 0x0000000094200000, 0x0000000094200000| Untracked 
| 323|0x0000000094300000, 0x0000000094400000, 0x0000000094400000|100%| O|  |TAMS 0x0000000094300000, 0x0000000094300000| Untracked 
| 324|0x0000000094400000, 0x0000000094500000, 0x0000000094500000|100%| O|  |TAMS 0x0000000094500000, 0x0000000094400000| Untracked 
| 325|0x0000000094500000, 0x0000000094600000, 0x0000000094600000|100%| O|  |TAMS 0x0000000094500000, 0x0000000094500000| Untracked 
| 326|0x0000000094600000, 0x0000000094700000, 0x0000000094700000|100%| O|  |TAMS 0x0000000094600000, 0x0000000094600000| Untracked 
| 327|0x0000000094700000, 0x0000000094800000, 0x0000000094800000|100%| O|  |TAMS 0x0000000094700000, 0x0000000094700000| Untracked 
| 328|0x0000000094800000, 0x0000000094900000, 0x0000000094900000|100%| O|  |TAMS 0x0000000094800000, 0x0000000094800000| Untracked 
| 329|0x0000000094900000, 0x0000000094a00000, 0x0000000094a00000|100%| O|  |TAMS 0x0000000094a00000, 0x0000000094900000| Untracked 
| 330|0x0000000094a00000, 0x0000000094b00000, 0x0000000094b00000|100%| O|  |TAMS 0x0000000094a00000, 0x0000000094a00000| Untracked 
| 331|0x0000000094b00000, 0x0000000094c00000, 0x0000000094c00000|100%| O|  |TAMS 0x0000000094b00000, 0x0000000094b00000| Untracked 
| 332|0x0000000094c00000, 0x0000000094d00000, 0x0000000094d00000|100%| O|  |TAMS 0x0000000094c00000, 0x0000000094c00000| Untracked 
| 333|0x0000000094d00000, 0x0000000094e00000, 0x0000000094e00000|100%| O|  |TAMS 0x0000000094d00000, 0x0000000094d00000| Untracked 
| 334|0x0000000094e00000, 0x0000000094f00000, 0x0000000094f00000|100%| O|  |TAMS 0x0000000094e00000, 0x0000000094e00000| Untracked 
| 335|0x0000000094f00000, 0x0000000095000000, 0x0000000095000000|100%| O|  |TAMS 0x0000000094f00000, 0x0000000094f00000| Untracked 
| 336|0x0000000095000000, 0x0000000095100000, 0x0000000095100000|100%| O|  |TAMS 0x0000000095000000, 0x0000000095000000| Untracked 
| 337|0x0000000095100000, 0x0000000095200000, 0x0000000095200000|100%| O|  |TAMS 0x0000000095100000, 0x0000000095100000| Untracked 
| 338|0x0000000095200000, 0x0000000095300000, 0x0000000095300000|100%| O|  |TAMS 0x0000000095300000, 0x0000000095200000| Untracked 
| 339|0x0000000095300000, 0x0000000095400000, 0x0000000095400000|100%| O|  |TAMS 0x0000000095300000, 0x0000000095300000| Untracked 
| 340|0x0000000095400000, 0x0000000095500000, 0x0000000095500000|100%| O|  |TAMS 0x0000000095400000, 0x0000000095400000| Untracked 
| 341|0x0000000095500000, 0x0000000095600000, 0x0000000095600000|100%| O|  |TAMS 0x0000000095500000, 0x0000000095500000| Untracked 
| 342|0x0000000095600000, 0x0000000095700000, 0x0000000095700000|100%| O|  |TAMS 0x0000000095700000, 0x0000000095600000| Untracked 
| 343|0x0000000095700000, 0x0000000095800000, 0x0000000095800000|100%| O|  |TAMS 0x0000000095700000, 0x0000000095700000| Untracked 
| 344|0x0000000095800000, 0x0000000095900000, 0x0000000095900000|100%| O|  |TAMS 0x0000000095800000, 0x0000000095800000| Untracked 
| 345|0x0000000095900000, 0x0000000095a00000, 0x0000000095a00000|100%| O|  |TAMS 0x0000000095900000, 0x0000000095900000| Untracked 
| 346|0x0000000095a00000, 0x0000000095b00000, 0x0000000095b00000|100%| O|  |TAMS 0x0000000095b00000, 0x0000000095a00000| Untracked 
| 347|0x0000000095b00000, 0x0000000095c00000, 0x0000000095c00000|100%| O|  |TAMS 0x0000000095b00000, 0x0000000095b00000| Untracked 
| 348|0x0000000095c00000, 0x0000000095d00000, 0x0000000095d00000|100%| O|  |TAMS 0x0000000095d00000, 0x0000000095c00000| Untracked 
| 349|0x0000000095d00000, 0x0000000095e00000, 0x0000000095e00000|100%| O|  |TAMS 0x0000000095d00000, 0x0000000095d00000| Untracked 
| 350|0x0000000095e00000, 0x0000000095f00000, 0x0000000095f00000|100%| O|  |TAMS 0x0000000095e00000, 0x0000000095e00000| Untracked 
| 351|0x0000000095f00000, 0x0000000096000000, 0x0000000096000000|100%| O|  |TAMS 0x0000000095f00000, 0x0000000095f00000| Untracked 
| 352|0x0000000096000000, 0x0000000096100000, 0x0000000096100000|100%| O|  |TAMS 0x0000000096000000, 0x0000000096000000| Untracked 
| 353|0x0000000096100000, 0x0000000096100000, 0x0000000096200000|  0%| F|  |TAMS 0x0000000096100000, 0x0000000096100000| Untracked 
| 354|0x0000000096200000, 0x0000000096300000, 0x0000000096300000|100%| O|  |TAMS 0x0000000096200000, 0x0000000096200000| Untracked 
| 355|0x0000000096300000, 0x0000000096400000, 0x0000000096400000|100%| O|  |TAMS 0x0000000096400000, 0x0000000096300000| Untracked 
| 356|0x0000000096400000, 0x0000000096500000, 0x0000000096500000|100%| O|  |TAMS 0x0000000096400000, 0x0000000096400000| Untracked 
| 357|0x0000000096500000, 0x0000000096600000, 0x0000000096600000|100%| O|  |TAMS 0x0000000096500000, 0x0000000096500000| Untracked 
| 358|0x0000000096600000, 0x0000000096700000, 0x0000000096700000|100%| O|  |TAMS 0x0000000096600000, 0x0000000096600000| Untracked 
| 359|0x0000000096700000, 0x0000000096800000, 0x0000000096800000|100%| O|  |TAMS 0x0000000096700000, 0x0000000096700000| Untracked 
| 360|0x0000000096800000, 0x0000000096900000, 0x0000000096900000|100%| O|  |TAMS 0x0000000096800000, 0x0000000096800000| Untracked 
| 361|0x0000000096900000, 0x0000000096900000, 0x0000000096a00000|  0%| F|  |TAMS 0x0000000096900000, 0x0000000096900000| Untracked 
| 362|0x0000000096a00000, 0x0000000096b00000, 0x0000000096b00000|100%| O|  |TAMS 0x0000000096a00000, 0x0000000096a00000| Untracked 
| 363|0x0000000096b00000, 0x0000000096c00000, 0x0000000096c00000|100%| O|  |TAMS 0x0000000096c00000, 0x0000000096b00000| Untracked 
| 364|0x0000000096c00000, 0x0000000096d00000, 0x0000000096d00000|100%| O|  |TAMS 0x0000000096d00000, 0x0000000096c00000| Untracked 
| 365|0x0000000096d00000, 0x0000000096e00000, 0x0000000096e00000|100%| O|  |TAMS 0x0000000096e00000, 0x0000000096d00000| Untracked 
| 366|0x0000000096e00000, 0x0000000096f00000, 0x0000000096f00000|100%| O|  |TAMS 0x0000000096f00000, 0x0000000096e00000| Untracked 
| 367|0x0000000096f00000, 0x0000000097000000, 0x0000000097000000|100%| O|  |TAMS 0x0000000097000000, 0x0000000096f00000| Untracked 
| 368|0x0000000097000000, 0x0000000097000000, 0x0000000097100000|  0%| F|  |TAMS 0x0000000097000000, 0x0000000097000000| Untracked 
| 369|0x0000000097100000, 0x0000000097200000, 0x0000000097200000|100%| O|  |TAMS 0x0000000097100000, 0x0000000097100000| Untracked 
| 370|0x0000000097200000, 0x0000000097300000, 0x0000000097300000|100%| O|  |TAMS 0x0000000097200000, 0x0000000097200000| Untracked 
| 371|0x0000000097300000, 0x0000000097400000, 0x0000000097400000|100%| O|  |TAMS 0x0000000097300000, 0x0000000097300000| Untracked 
| 372|0x0000000097400000, 0x0000000097500000, 0x0000000097500000|100%|HS|  |TAMS 0x0000000097500000, 0x0000000097400000| Complete 
| 373|0x0000000097500000, 0x0000000097600000, 0x0000000097600000|100%|HC|  |TAMS 0x0000000097600000, 0x0000000097500000| Complete 
| 374|0x0000000097600000, 0x0000000097700000, 0x0000000097700000|100%|HC|  |TAMS 0x0000000097700000, 0x0000000097600000| Complete 
| 375|0x0000000097700000, 0x0000000097800000, 0x0000000097800000|100%|HS|  |TAMS 0x0000000097800000, 0x0000000097700000| Complete 
| 376|0x0000000097800000, 0x0000000097900000, 0x0000000097900000|100%|HC|  |TAMS 0x0000000097900000, 0x0000000097800000| Complete 
| 377|0x0000000097900000, 0x0000000097a00000, 0x0000000097a00000|100%|HC|  |TAMS 0x0000000097a00000, 0x0000000097900000| Complete 
| 378|0x0000000097a00000, 0x0000000097b00000, 0x0000000097b00000|100%| O|  |TAMS 0x0000000097b00000, 0x0000000097a00000| Untracked 
| 379|0x0000000097b00000, 0x0000000097c00000, 0x0000000097c00000|100%| O|  |TAMS 0x0000000097b00000, 0x0000000097b00000| Untracked 
| 380|0x0000000097c00000, 0x0000000097d00000, 0x0000000097d00000|100%| O|  |TAMS 0x0000000097c00000, 0x0000000097c00000| Untracked 
| 381|0x0000000097d00000, 0x0000000097e00000, 0x0000000097e00000|100%| O|  |TAMS 0x0000000097e00000, 0x0000000097d00000| Untracked 
| 382|0x0000000097e00000, 0x0000000097f00000, 0x0000000097f00000|100%| O|  |TAMS 0x0000000097f00000, 0x0000000097e00000| Untracked 
| 383|0x0000000097f00000, 0x0000000097f00000, 0x0000000098000000|  0%| F|  |TAMS 0x0000000097f00000, 0x0000000097f00000| Untracked 
| 384|0x0000000098000000, 0x0000000098100000, 0x0000000098100000|100%| O|  |TAMS 0x0000000098000000, 0x0000000098000000| Untracked 
| 385|0x0000000098100000, 0x0000000098100000, 0x0000000098200000|  0%| F|  |TAMS 0x0000000098100000, 0x0000000098100000| Untracked 
| 386|0x0000000098200000, 0x0000000098300000, 0x0000000098300000|100%| O|  |TAMS 0x0000000098200000, 0x0000000098200000| Untracked 
| 387|0x0000000098300000, 0x0000000098400000, 0x0000000098400000|100%| O|  |TAMS 0x0000000098300000, 0x0000000098300000| Untracked 
| 388|0x0000000098400000, 0x0000000098500000, 0x0000000098500000|100%| O|  |TAMS 0x0000000098400000, 0x0000000098400000| Untracked 
| 389|0x0000000098500000, 0x0000000098500000, 0x0000000098600000|  0%| F|  |TAMS 0x0000000098500000, 0x0000000098500000| Untracked 
| 390|0x0000000098600000, 0x0000000098700000, 0x0000000098700000|100%| O|  |TAMS 0x0000000098600000, 0x0000000098600000| Untracked 
| 391|0x0000000098700000, 0x0000000098800000, 0x0000000098800000|100%| O|  |TAMS 0x0000000098700000, 0x0000000098700000| Untracked 
| 392|0x0000000098800000, 0x0000000098900000, 0x0000000098900000|100%| O|  |TAMS 0x0000000098800000, 0x0000000098800000| Untracked 
| 393|0x0000000098900000, 0x0000000098a00000, 0x0000000098a00000|100%| O|  |TAMS 0x0000000098900000, 0x0000000098900000| Untracked 
| 394|0x0000000098a00000, 0x0000000098b00000, 0x0000000098b00000|100%| O|  |TAMS 0x0000000098a00000, 0x0000000098a00000| Untracked 
| 395|0x0000000098b00000, 0x0000000098c00000, 0x0000000098c00000|100%| O|  |TAMS 0x0000000098b00000, 0x0000000098b00000| Untracked 
| 396|0x0000000098c00000, 0x0000000098d00000, 0x0000000098d00000|100%| O|  |TAMS 0x0000000098c00000, 0x0000000098c00000| Untracked 
| 397|0x0000000098d00000, 0x0000000098e00000, 0x0000000098e00000|100%| O|  |TAMS 0x0000000098d00000, 0x0000000098d00000| Untracked 
| 398|0x0000000098e00000, 0x0000000098f00000, 0x0000000098f00000|100%| O|  |TAMS 0x0000000098e00000, 0x0000000098e00000| Untracked 
| 399|0x0000000098f00000, 0x0000000099000000, 0x0000000099000000|100%| O|  |TAMS 0x0000000098f00000, 0x0000000098f00000| Untracked 
| 400|0x0000000099000000, 0x0000000099000000, 0x0000000099100000|  0%| F|  |TAMS 0x0000000099000000, 0x0000000099000000| Untracked 
| 401|0x0000000099100000, 0x0000000099100000, 0x0000000099200000|  0%| F|  |TAMS 0x0000000099100000, 0x0000000099100000| Untracked 
| 402|0x0000000099200000, 0x0000000099200000, 0x0000000099300000|  0%| F|  |TAMS 0x0000000099200000, 0x0000000099200000| Untracked 
| 403|0x0000000099300000, 0x0000000099400000, 0x0000000099400000|100%| O|  |TAMS 0x0000000099400000, 0x0000000099300000| Untracked 
| 404|0x0000000099400000, 0x0000000099500000, 0x0000000099500000|100%| O|  |TAMS 0x0000000099500000, 0x0000000099400000| Untracked 
| 405|0x0000000099500000, 0x0000000099600000, 0x0000000099600000|100%| O|  |TAMS 0x0000000099600000, 0x0000000099500000| Untracked 
| 406|0x0000000099600000, 0x0000000099700000, 0x0000000099700000|100%| O|  |TAMS 0x0000000099700000, 0x0000000099600000| Untracked 
| 407|0x0000000099700000, 0x0000000099800000, 0x0000000099800000|100%| O|  |TAMS 0x0000000099800000, 0x0000000099700000| Untracked 
| 408|0x0000000099800000, 0x0000000099900000, 0x0000000099900000|100%| O|  |TAMS 0x0000000099900000, 0x0000000099800000| Untracked 
| 409|0x0000000099900000, 0x0000000099a00000, 0x0000000099a00000|100%| O|  |TAMS 0x0000000099a00000, 0x0000000099900000| Untracked 
| 410|0x0000000099a00000, 0x0000000099b00000, 0x0000000099b00000|100%| O|  |TAMS 0x0000000099b00000, 0x0000000099a00000| Untracked 
| 411|0x0000000099b00000, 0x0000000099c00000, 0x0000000099c00000|100%| O|  |TAMS 0x0000000099c00000, 0x0000000099b00000| Untracked 
| 412|0x0000000099c00000, 0x0000000099d00000, 0x0000000099d00000|100%| O|  |TAMS 0x0000000099d00000, 0x0000000099c00000| Untracked 
| 413|0x0000000099d00000, 0x0000000099e00000, 0x0000000099e00000|100%| O|  |TAMS 0x0000000099e00000, 0x0000000099d00000| Untracked 
| 414|0x0000000099e00000, 0x0000000099f00000, 0x0000000099f00000|100%| O|  |TAMS 0x0000000099f00000, 0x0000000099e00000| Untracked 
| 415|0x0000000099f00000, 0x000000009a000000, 0x000000009a000000|100%| O|  |TAMS 0x000000009a000000, 0x0000000099f00000| Untracked 
| 416|0x000000009a000000, 0x000000009a000000, 0x000000009a100000|  0%| F|  |TAMS 0x000000009a000000, 0x000000009a000000| Untracked 
| 417|0x000000009a100000, 0x000000009a200000, 0x000000009a200000|100%| O|  |TAMS 0x000000009a200000, 0x000000009a100000| Untracked 
| 418|0x000000009a200000, 0x000000009a300000, 0x000000009a300000|100%| O|  |TAMS 0x000000009a300000, 0x000000009a200000| Untracked 
| 419|0x000000009a300000, 0x000000009a300000, 0x000000009a400000|  0%| F|  |TAMS 0x000000009a300000, 0x000000009a300000| Untracked 
| 420|0x000000009a400000, 0x000000009a500000, 0x000000009a500000|100%| O|  |TAMS 0x000000009a500000, 0x000000009a400000| Untracked 
| 421|0x000000009a500000, 0x000000009a600000, 0x000000009a600000|100%| O|  |TAMS 0x000000009a600000, 0x000000009a500000| Untracked 
| 422|0x000000009a600000, 0x000000009a700000, 0x000000009a700000|100%| O|  |TAMS 0x000000009a700000, 0x000000009a600000| Untracked 
| 423|0x000000009a700000, 0x000000009a700000, 0x000000009a800000|  0%| F|  |TAMS 0x000000009a700000, 0x000000009a700000| Untracked 
| 424|0x000000009a800000, 0x000000009a800000, 0x000000009a900000|  0%| F|  |TAMS 0x000000009a800000, 0x000000009a800000| Untracked 
| 425|0x000000009a900000, 0x000000009a900000, 0x000000009aa00000|  0%| F|  |TAMS 0x000000009a900000, 0x000000009a900000| Untracked 
| 426|0x000000009aa00000, 0x000000009aa00000, 0x000000009ab00000|  0%| F|  |TAMS 0x000000009aa00000, 0x000000009aa00000| Untracked 
| 427|0x000000009ab00000, 0x000000009ab00000, 0x000000009ac00000|  0%| F|  |TAMS 0x000000009ab00000, 0x000000009ab00000| Untracked 
| 428|0x000000009ac00000, 0x000000009ac00000, 0x000000009ad00000|  0%| F|  |TAMS 0x000000009ac00000, 0x000000009ac00000| Untracked 
| 429|0x000000009ad00000, 0x000000009ad00000, 0x000000009ae00000|  0%| F|  |TAMS 0x000000009ad00000, 0x000000009ad00000| Untracked 
| 430|0x000000009ae00000, 0x000000009ae00000, 0x000000009af00000|  0%| F|  |TAMS 0x000000009ae00000, 0x000000009ae00000| Untracked 
| 431|0x000000009af00000, 0x000000009af00000, 0x000000009b000000|  0%| F|  |TAMS 0x000000009af00000, 0x000000009af00000| Untracked 
| 432|0x000000009b000000, 0x000000009b000000, 0x000000009b100000|  0%| F|  |TAMS 0x000000009b000000, 0x000000009b000000| Untracked 
| 433|0x000000009b100000, 0x000000009b100000, 0x000000009b200000|  0%| F|  |TAMS 0x000000009b100000, 0x000000009b100000| Untracked 
| 434|0x000000009b200000, 0x000000009b300000, 0x000000009b300000|100%| O|  |TAMS 0x000000009b300000, 0x000000009b200000| Untracked 
| 435|0x000000009b300000, 0x000000009b300000, 0x000000009b400000|  0%| F|  |TAMS 0x000000009b300000, 0x000000009b300000| Untracked 
| 436|0x000000009b400000, 0x000000009b500000, 0x000000009b500000|100%| O|  |TAMS 0x000000009b500000, 0x000000009b400000| Untracked 
| 437|0x000000009b500000, 0x000000009b600000, 0x000000009b600000|100%| O|  |TAMS 0x000000009b600000, 0x000000009b500000| Untracked 
| 438|0x000000009b600000, 0x000000009b700000, 0x000000009b700000|100%| O|  |TAMS 0x000000009b700000, 0x000000009b600000| Untracked 
| 439|0x000000009b700000, 0x000000009b800000, 0x000000009b800000|100%| O|  |TAMS 0x000000009b800000, 0x000000009b700000| Untracked 
| 440|0x000000009b800000, 0x000000009b900000, 0x000000009b900000|100%| O|  |TAMS 0x000000009b900000, 0x000000009b800000| Untracked 
| 441|0x000000009b900000, 0x000000009ba00000, 0x000000009ba00000|100%| O|  |TAMS 0x000000009ba00000, 0x000000009b900000| Untracked 
| 442|0x000000009ba00000, 0x000000009bb00000, 0x000000009bb00000|100%| O|  |TAMS 0x000000009bb00000, 0x000000009ba00000| Untracked 
| 443|0x000000009bb00000, 0x000000009bb00000, 0x000000009bc00000|  0%| F|  |TAMS 0x000000009bb00000, 0x000000009bb00000| Untracked 
| 444|0x000000009bc00000, 0x000000009bd00000, 0x000000009bd00000|100%| O|  |TAMS 0x000000009bd00000, 0x000000009bc00000| Untracked 
| 445|0x000000009bd00000, 0x000000009bd00000, 0x000000009be00000|  0%| F|  |TAMS 0x000000009bd00000, 0x000000009bd00000| Untracked 
| 446|0x000000009be00000, 0x000000009be00000, 0x000000009bf00000|  0%| F|  |TAMS 0x000000009be00000, 0x000000009be00000| Untracked 
| 447|0x000000009bf00000, 0x000000009c000000, 0x000000009c000000|100%| O|  |TAMS 0x000000009c000000, 0x000000009bf00000| Untracked 
| 448|0x000000009c000000, 0x000000009c100000, 0x000000009c100000|100%| O|  |TAMS 0x000000009c100000, 0x000000009c000000| Untracked 
| 449|0x000000009c100000, 0x000000009c200000, 0x000000009c200000|100%| O|  |TAMS 0x000000009c200000, 0x000000009c100000| Untracked 
| 450|0x000000009c200000, 0x000000009c200000, 0x000000009c300000|  0%| F|  |TAMS 0x000000009c200000, 0x000000009c200000| Untracked 
| 451|0x000000009c300000, 0x000000009c300000, 0x000000009c400000|  0%| F|  |TAMS 0x000000009c300000, 0x000000009c300000| Untracked 
| 452|0x000000009c400000, 0x000000009c400000, 0x000000009c500000|  0%| F|  |TAMS 0x000000009c400000, 0x000000009c400000| Untracked 
| 453|0x000000009c500000, 0x000000009c500000, 0x000000009c600000|  0%| F|  |TAMS 0x000000009c500000, 0x000000009c500000| Untracked 
| 454|0x000000009c600000, 0x000000009c600000, 0x000000009c700000|  0%| F|  |TAMS 0x000000009c600000, 0x000000009c600000| Untracked 
| 455|0x000000009c700000, 0x000000009c700000, 0x000000009c800000|  0%| F|  |TAMS 0x000000009c700000, 0x000000009c700000| Untracked 
| 456|0x000000009c800000, 0x000000009c800000, 0x000000009c900000|  0%| F|  |TAMS 0x000000009c800000, 0x000000009c800000| Untracked 
| 457|0x000000009c900000, 0x000000009c900000, 0x000000009ca00000|  0%| F|  |TAMS 0x000000009c900000, 0x000000009c900000| Untracked 
| 458|0x000000009ca00000, 0x000000009cb00000, 0x000000009cb00000|100%|HS|  |TAMS 0x000000009cb00000, 0x000000009ca00000| Complete 
| 459|0x000000009cb00000, 0x000000009cb00000, 0x000000009cc00000|  0%| F|  |TAMS 0x000000009cb00000, 0x000000009cb00000| Untracked 
| 460|0x000000009cc00000, 0x000000009cc00000, 0x000000009cd00000|  0%| F|  |TAMS 0x000000009cc00000, 0x000000009cc00000| Untracked 
| 461|0x000000009cd00000, 0x000000009cd00000, 0x000000009ce00000|  0%| F|  |TAMS 0x000000009cd00000, 0x000000009cd00000| Untracked 
| 462|0x000000009ce00000, 0x000000009cf00000, 0x000000009cf00000|100%| O|  |TAMS 0x000000009cf00000, 0x000000009ce00000| Untracked 
| 463|0x000000009cf00000, 0x000000009cf00000, 0x000000009d000000|  0%| F|  |TAMS 0x000000009cf00000, 0x000000009cf00000| Untracked 
| 464|0x000000009d000000, 0x000000009d000000, 0x000000009d100000|  0%| F|  |TAMS 0x000000009d000000, 0x000000009d000000| Untracked 
| 465|0x000000009d100000, 0x000000009d100000, 0x000000009d200000|  0%| F|  |TAMS 0x000000009d100000, 0x000000009d100000| Untracked 
| 466|0x000000009d200000, 0x000000009d300000, 0x000000009d300000|100%| O|  |TAMS 0x000000009d300000, 0x000000009d200000| Untracked 
| 467|0x000000009d300000, 0x000000009d400000, 0x000000009d400000|100%| O|  |TAMS 0x000000009d400000, 0x000000009d300000| Untracked 
| 468|0x000000009d400000, 0x000000009d400000, 0x000000009d500000|  0%| F|  |TAMS 0x000000009d400000, 0x000000009d400000| Untracked 
| 469|0x000000009d500000, 0x000000009d600000, 0x000000009d600000|100%| O|  |TAMS 0x000000009d600000, 0x000000009d500000| Untracked 
| 470|0x000000009d600000, 0x000000009d700000, 0x000000009d700000|100%| O|  |TAMS 0x000000009d700000, 0x000000009d600000| Untracked 
| 471|0x000000009d700000, 0x000000009d800000, 0x000000009d800000|100%|HS|  |TAMS 0x000000009d800000, 0x000000009d700000| Complete 
| 472|0x000000009d800000, 0x000000009d900000, 0x000000009d900000|100%|HC|  |TAMS 0x000000009d900000, 0x000000009d800000| Complete 
| 473|0x000000009d900000, 0x000000009da00000, 0x000000009da00000|100%| O|  |TAMS 0x000000009da00000, 0x000000009d900000| Untracked 
| 474|0x000000009da00000, 0x000000009da00000, 0x000000009db00000|  0%| F|  |TAMS 0x000000009da00000, 0x000000009da00000| Untracked 
| 475|0x000000009db00000, 0x000000009dc00000, 0x000000009dc00000|100%| O|  |TAMS 0x000000009dc00000, 0x000000009db00000| Untracked 
| 476|0x000000009dc00000, 0x000000009dd00000, 0x000000009dd00000|100%| O|  |TAMS 0x000000009dd00000, 0x000000009dc00000| Untracked 
| 477|0x000000009dd00000, 0x000000009de00000, 0x000000009de00000|100%| O|  |TAMS 0x000000009de00000, 0x000000009dd00000| Untracked 
| 478|0x000000009de00000, 0x000000009df00000, 0x000000009df00000|100%| O|  |TAMS 0x000000009df00000, 0x000000009de00000| Untracked 
| 479|0x000000009df00000, 0x000000009df00000, 0x000000009e000000|  0%| F|  |TAMS 0x000000009df00000, 0x000000009df00000| Untracked 
| 480|0x000000009e000000, 0x000000009e000000, 0x000000009e100000|  0%| F|  |TAMS 0x000000009e000000, 0x000000009e000000| Untracked 
| 481|0x000000009e100000, 0x000000009e200000, 0x000000009e200000|100%| O|  |TAMS 0x000000009e200000, 0x000000009e100000| Untracked 
| 482|0x000000009e200000, 0x000000009e300000, 0x000000009e300000|100%| O|  |TAMS 0x000000009e300000, 0x000000009e200000| Untracked 
| 483|0x000000009e300000, 0x000000009e400000, 0x000000009e400000|100%| O|  |TAMS 0x000000009e400000, 0x000000009e300000| Untracked 
| 484|0x000000009e400000, 0x000000009e500000, 0x000000009e500000|100%| O|  |TAMS 0x000000009e500000, 0x000000009e400000| Untracked 
| 485|0x000000009e500000, 0x000000009e600000, 0x000000009e600000|100%| O|  |TAMS 0x000000009e600000, 0x000000009e500000| Untracked 
| 486|0x000000009e600000, 0x000000009e700000, 0x000000009e700000|100%| O|  |TAMS 0x000000009e700000, 0x000000009e600000| Untracked 
| 487|0x000000009e700000, 0x000000009e800000, 0x000000009e800000|100%| O|  |TAMS 0x000000009e800000, 0x000000009e700000| Untracked 
| 488|0x000000009e800000, 0x000000009e900000, 0x000000009e900000|100%| O|  |TAMS 0x000000009e900000, 0x000000009e800000| Untracked 
| 489|0x000000009e900000, 0x000000009ea00000, 0x000000009ea00000|100%| O|  |TAMS 0x000000009ea00000, 0x000000009e900000| Untracked 
| 490|0x000000009ea00000, 0x000000009eb00000, 0x000000009eb00000|100%| O|  |TAMS 0x000000009eb00000, 0x000000009ea00000| Untracked 
| 491|0x000000009eb00000, 0x000000009ec00000, 0x000000009ec00000|100%| O|  |TAMS 0x000000009ec00000, 0x000000009eb00000| Untracked 
| 492|0x000000009ec00000, 0x000000009ed00000, 0x000000009ed00000|100%| O|  |TAMS 0x000000009ed00000, 0x000000009ec00000| Untracked 
| 493|0x000000009ed00000, 0x000000009ed00000, 0x000000009ee00000|  0%| F|  |TAMS 0x000000009ed00000, 0x000000009ed00000| Untracked 
| 494|0x000000009ee00000, 0x000000009ef00000, 0x000000009ef00000|100%| O|  |TAMS 0x000000009ef00000, 0x000000009ee00000| Untracked 
| 495|0x000000009ef00000, 0x000000009f000000, 0x000000009f000000|100%| O|  |TAMS 0x000000009f000000, 0x000000009ef00000| Untracked 
| 496|0x000000009f000000, 0x000000009f100000, 0x000000009f100000|100%| O|  |TAMS 0x000000009f100000, 0x000000009f000000| Untracked 
| 497|0x000000009f100000, 0x000000009f200000, 0x000000009f200000|100%| O|  |TAMS 0x000000009f200000, 0x000000009f100000| Untracked 
| 498|0x000000009f200000, 0x000000009f300000, 0x000000009f300000|100%| O|  |TAMS 0x000000009f300000, 0x000000009f200000| Untracked 
| 499|0x000000009f300000, 0x000000009f400000, 0x000000009f400000|100%| O|  |TAMS 0x000000009f400000, 0x000000009f300000| Untracked 
| 500|0x000000009f400000, 0x000000009f500000, 0x000000009f500000|100%| O|  |TAMS 0x000000009f500000, 0x000000009f400000| Untracked 
| 501|0x000000009f500000, 0x000000009f600000, 0x000000009f600000|100%| O|  |TAMS 0x000000009f600000, 0x000000009f500000| Untracked 
| 502|0x000000009f600000, 0x000000009f700000, 0x000000009f700000|100%| O|  |TAMS 0x000000009f700000, 0x000000009f600000| Untracked 
| 503|0x000000009f700000, 0x000000009f800000, 0x000000009f800000|100%| O|  |TAMS 0x000000009f800000, 0x000000009f700000| Untracked 
| 504|0x000000009f800000, 0x000000009f900000, 0x000000009f900000|100%| O|  |TAMS 0x000000009f900000, 0x000000009f800000| Untracked 
| 505|0x000000009f900000, 0x000000009fa00000, 0x000000009fa00000|100%| O|  |TAMS 0x000000009fa00000, 0x000000009f900000| Untracked 
| 506|0x000000009fa00000, 0x000000009fb00000, 0x000000009fb00000|100%| O|  |TAMS 0x000000009fb00000, 0x000000009fa00000| Untracked 
| 507|0x000000009fb00000, 0x000000009fb00000, 0x000000009fc00000|  0%| F|  |TAMS 0x000000009fb00000, 0x000000009fb00000| Untracked 
| 508|0x000000009fc00000, 0x000000009fd00000, 0x000000009fd00000|100%| O|  |TAMS 0x000000009fd00000, 0x000000009fc00000| Untracked 
| 509|0x000000009fd00000, 0x000000009fd00000, 0x000000009fe00000|  0%| F|  |TAMS 0x000000009fd00000, 0x000000009fd00000| Untracked 
| 510|0x000000009fe00000, 0x000000009ff00000, 0x000000009ff00000|100%| O|  |TAMS 0x000000009ff00000, 0x000000009fe00000| Untracked 
| 511|0x000000009ff00000, 0x00000000a0000000, 0x00000000a0000000|100%| O|  |TAMS 0x00000000a0000000, 0x000000009ff00000| Untracked 
| 512|0x00000000a0000000, 0x00000000a0100000, 0x00000000a0100000|100%| O|  |TAMS 0x00000000a0100000, 0x00000000a0000000| Untracked 
| 513|0x00000000a0100000, 0x00000000a0200000, 0x00000000a0200000|100%| O|  |TAMS 0x00000000a0200000, 0x00000000a0100000| Untracked 
| 514|0x00000000a0200000, 0x00000000a0300000, 0x00000000a0300000|100%| O|  |TAMS 0x00000000a0300000, 0x00000000a0200000| Untracked 
| 515|0x00000000a0300000, 0x00000000a0400000, 0x00000000a0400000|100%| O|  |TAMS 0x00000000a0400000, 0x00000000a0300000| Untracked 
| 516|0x00000000a0400000, 0x00000000a0500000, 0x00000000a0500000|100%| O|  |TAMS 0x00000000a0500000, 0x00000000a0400000| Untracked 
| 517|0x00000000a0500000, 0x00000000a0600000, 0x00000000a0600000|100%| O|  |TAMS 0x00000000a0600000, 0x00000000a0500000| Untracked 
| 518|0x00000000a0600000, 0x00000000a0700000, 0x00000000a0700000|100%| O|  |TAMS 0x00000000a0700000, 0x00000000a0600000| Untracked 
| 519|0x00000000a0700000, 0x00000000a0800000, 0x00000000a0800000|100%| O|  |TAMS 0x00000000a0800000, 0x00000000a0700000| Untracked 
| 520|0x00000000a0800000, 0x00000000a0900000, 0x00000000a0900000|100%| O|  |TAMS 0x00000000a0900000, 0x00000000a0800000| Untracked 
| 521|0x00000000a0900000, 0x00000000a0a00000, 0x00000000a0a00000|100%| O|  |TAMS 0x00000000a0a00000, 0x00000000a0900000| Untracked 
| 522|0x00000000a0a00000, 0x00000000a0b00000, 0x00000000a0b00000|100%| O|  |TAMS 0x00000000a0b00000, 0x00000000a0a00000| Untracked 
| 523|0x00000000a0b00000, 0x00000000a0c00000, 0x00000000a0c00000|100%| O|  |TAMS 0x00000000a0c00000, 0x00000000a0b00000| Untracked 
| 524|0x00000000a0c00000, 0x00000000a0d00000, 0x00000000a0d00000|100%| O|  |TAMS 0x00000000a0d00000, 0x00000000a0c00000| Untracked 
| 525|0x00000000a0d00000, 0x00000000a0e00000, 0x00000000a0e00000|100%| O|  |TAMS 0x00000000a0e00000, 0x00000000a0d00000| Untracked 
| 526|0x00000000a0e00000, 0x00000000a0f00000, 0x00000000a0f00000|100%| O|  |TAMS 0x00000000a0f00000, 0x00000000a0e00000| Untracked 
| 527|0x00000000a0f00000, 0x00000000a1000000, 0x00000000a1000000|100%| O|  |TAMS 0x00000000a1000000, 0x00000000a0f00000| Untracked 
| 528|0x00000000a1000000, 0x00000000a1100000, 0x00000000a1100000|100%| O|  |TAMS 0x00000000a1100000, 0x00000000a1000000| Untracked 
| 529|0x00000000a1100000, 0x00000000a1200000, 0x00000000a1200000|100%| O|  |TAMS 0x00000000a1200000, 0x00000000a1100000| Untracked 
| 530|0x00000000a1200000, 0x00000000a1300000, 0x00000000a1300000|100%| O|  |TAMS 0x00000000a1300000, 0x00000000a1200000| Untracked 
| 531|0x00000000a1300000, 0x00000000a1400000, 0x00000000a1400000|100%| O|  |TAMS 0x00000000a1400000, 0x00000000a1300000| Untracked 
| 532|0x00000000a1400000, 0x00000000a1500000, 0x00000000a1500000|100%| O|  |TAMS 0x00000000a1500000, 0x00000000a1400000| Untracked 
| 533|0x00000000a1500000, 0x00000000a1600000, 0x00000000a1600000|100%| O|  |TAMS 0x00000000a1600000, 0x00000000a1500000| Untracked 
| 534|0x00000000a1600000, 0x00000000a1700000, 0x00000000a1700000|100%| O|  |TAMS 0x00000000a1700000, 0x00000000a1600000| Untracked 
| 535|0x00000000a1700000, 0x00000000a1800000, 0x00000000a1800000|100%| O|  |TAMS 0x00000000a1800000, 0x00000000a1700000| Untracked 
| 536|0x00000000a1800000, 0x00000000a1800000, 0x00000000a1900000|  0%| F|  |TAMS 0x00000000a1800000, 0x00000000a1800000| Untracked 
| 537|0x00000000a1900000, 0x00000000a1900000, 0x00000000a1a00000|  0%| F|  |TAMS 0x00000000a1900000, 0x00000000a1900000| Untracked 
| 538|0x00000000a1a00000, 0x00000000a1b00000, 0x00000000a1b00000|100%| O|  |TAMS 0x00000000a1b00000, 0x00000000a1a00000| Untracked 
| 539|0x00000000a1b00000, 0x00000000a1c00000, 0x00000000a1c00000|100%| O|  |TAMS 0x00000000a1c00000, 0x00000000a1b00000| Untracked 
| 540|0x00000000a1c00000, 0x00000000a1d00000, 0x00000000a1d00000|100%| O|  |TAMS 0x00000000a1d00000, 0x00000000a1c00000| Untracked 
| 541|0x00000000a1d00000, 0x00000000a1e00000, 0x00000000a1e00000|100%| O|  |TAMS 0x00000000a1e00000, 0x00000000a1d00000| Untracked 
| 542|0x00000000a1e00000, 0x00000000a1f00000, 0x00000000a1f00000|100%| O|  |TAMS 0x00000000a1f00000, 0x00000000a1e00000| Untracked 
| 543|0x00000000a1f00000, 0x00000000a2000000, 0x00000000a2000000|100%| O|  |TAMS 0x00000000a2000000, 0x00000000a1f00000| Untracked 
| 544|0x00000000a2000000, 0x00000000a2100000, 0x00000000a2100000|100%| O|  |TAMS 0x00000000a2100000, 0x00000000a2000000| Untracked 
| 545|0x00000000a2100000, 0x00000000a2200000, 0x00000000a2200000|100%| O|  |TAMS 0x00000000a2200000, 0x00000000a2100000| Untracked 
| 546|0x00000000a2200000, 0x00000000a2300000, 0x00000000a2300000|100%| O|  |TAMS 0x00000000a2300000, 0x00000000a2200000| Untracked 
| 547|0x00000000a2300000, 0x00000000a2400000, 0x00000000a2400000|100%| O|  |TAMS 0x00000000a2400000, 0x00000000a2300000| Untracked 
| 548|0x00000000a2400000, 0x00000000a2500000, 0x00000000a2500000|100%| O|  |TAMS 0x00000000a2500000, 0x00000000a2400000| Untracked 
| 549|0x00000000a2500000, 0x00000000a2600000, 0x00000000a2600000|100%| O|  |TAMS 0x00000000a2600000, 0x00000000a2500000| Untracked 
| 550|0x00000000a2600000, 0x00000000a2700000, 0x00000000a2700000|100%| O|  |TAMS 0x00000000a2700000, 0x00000000a2600000| Untracked 
| 551|0x00000000a2700000, 0x00000000a2800000, 0x00000000a2800000|100%| O|  |TAMS 0x00000000a2800000, 0x00000000a2700000| Untracked 
| 552|0x00000000a2800000, 0x00000000a2900000, 0x00000000a2900000|100%| O|  |TAMS 0x00000000a2900000, 0x00000000a2800000| Untracked 
| 553|0x00000000a2900000, 0x00000000a2a00000, 0x00000000a2a00000|100%| O|  |TAMS 0x00000000a2a00000, 0x00000000a2900000| Untracked 
| 554|0x00000000a2a00000, 0x00000000a2b00000, 0x00000000a2b00000|100%| O|  |TAMS 0x00000000a2b00000, 0x00000000a2a00000| Untracked 
| 555|0x00000000a2b00000, 0x00000000a2b00000, 0x00000000a2c00000|  0%| F|  |TAMS 0x00000000a2b00000, 0x00000000a2b00000| Untracked 
| 556|0x00000000a2c00000, 0x00000000a2d00000, 0x00000000a2d00000|100%| O|  |TAMS 0x00000000a2d00000, 0x00000000a2c00000| Untracked 
| 557|0x00000000a2d00000, 0x00000000a2e00000, 0x00000000a2e00000|100%| O|  |TAMS 0x00000000a2e00000, 0x00000000a2d00000| Untracked 
| 558|0x00000000a2e00000, 0x00000000a2f00000, 0x00000000a2f00000|100%| O|  |TAMS 0x00000000a2f00000, 0x00000000a2e00000| Untracked 
| 559|0x00000000a2f00000, 0x00000000a3000000, 0x00000000a3000000|100%| O|  |TAMS 0x00000000a3000000, 0x00000000a2f00000| Untracked 
| 560|0x00000000a3000000, 0x00000000a3100000, 0x00000000a3100000|100%| O|  |TAMS 0x00000000a3100000, 0x00000000a3000000| Untracked 
| 561|0x00000000a3100000, 0x00000000a3200000, 0x00000000a3200000|100%| O|  |TAMS 0x00000000a3200000, 0x00000000a3100000| Untracked 
| 562|0x00000000a3200000, 0x00000000a3300000, 0x00000000a3300000|100%| O|  |TAMS 0x00000000a3300000, 0x00000000a3200000| Untracked 
| 563|0x00000000a3300000, 0x00000000a3300000, 0x00000000a3400000|  0%| F|  |TAMS 0x00000000a3300000, 0x00000000a3300000| Untracked 
| 564|0x00000000a3400000, 0x00000000a3500000, 0x00000000a3500000|100%| O|  |TAMS 0x00000000a3500000, 0x00000000a3400000| Untracked 
| 565|0x00000000a3500000, 0x00000000a3600000, 0x00000000a3600000|100%| O|  |TAMS 0x00000000a3600000, 0x00000000a3500000| Untracked 
| 566|0x00000000a3600000, 0x00000000a3700000, 0x00000000a3700000|100%| O|  |TAMS 0x00000000a3700000, 0x00000000a3600000| Untracked 
| 567|0x00000000a3700000, 0x00000000a3800000, 0x00000000a3800000|100%| O|  |TAMS 0x00000000a3800000, 0x00000000a3700000| Untracked 
| 568|0x00000000a3800000, 0x00000000a3900000, 0x00000000a3900000|100%| O|  |TAMS 0x00000000a3900000, 0x00000000a3800000| Untracked 
| 569|0x00000000a3900000, 0x00000000a3a00000, 0x00000000a3a00000|100%| O|  |TAMS 0x00000000a3a00000, 0x00000000a3900000| Untracked 
| 570|0x00000000a3a00000, 0x00000000a3b00000, 0x00000000a3b00000|100%| O|  |TAMS 0x00000000a3b00000, 0x00000000a3a00000| Untracked 
| 571|0x00000000a3b00000, 0x00000000a3c00000, 0x00000000a3c00000|100%| O|  |TAMS 0x00000000a3c00000, 0x00000000a3b00000| Untracked 
| 572|0x00000000a3c00000, 0x00000000a3d00000, 0x00000000a3d00000|100%| O|  |TAMS 0x00000000a3d00000, 0x00000000a3c00000| Untracked 
| 573|0x00000000a3d00000, 0x00000000a3e00000, 0x00000000a3e00000|100%| O|  |TAMS 0x00000000a3e00000, 0x00000000a3d00000| Untracked 
| 574|0x00000000a3e00000, 0x00000000a3e00000, 0x00000000a3f00000|  0%| F|  |TAMS 0x00000000a3e00000, 0x00000000a3e00000| Untracked 
| 575|0x00000000a3f00000, 0x00000000a4000000, 0x00000000a4000000|100%| O|  |TAMS 0x00000000a4000000, 0x00000000a3f00000| Untracked 
| 576|0x00000000a4000000, 0x00000000a4100000, 0x00000000a4100000|100%| O|  |TAMS 0x00000000a4100000, 0x00000000a4000000| Untracked 
| 577|0x00000000a4100000, 0x00000000a4200000, 0x00000000a4200000|100%| O|  |TAMS 0x00000000a4200000, 0x00000000a4100000| Untracked 
| 578|0x00000000a4200000, 0x00000000a4300000, 0x00000000a4300000|100%| O|  |TAMS 0x00000000a4300000, 0x00000000a4200000| Untracked 
| 579|0x00000000a4300000, 0x00000000a4400000, 0x00000000a4400000|100%| O|  |TAMS 0x00000000a4400000, 0x00000000a4300000| Untracked 
| 580|0x00000000a4400000, 0x00000000a4500000, 0x00000000a4500000|100%| O|  |TAMS 0x00000000a4500000, 0x00000000a4400000| Untracked 
| 581|0x00000000a4500000, 0x00000000a4600000, 0x00000000a4600000|100%| O|  |TAMS 0x00000000a4600000, 0x00000000a4500000| Untracked 
| 582|0x00000000a4600000, 0x00000000a4700000, 0x00000000a4700000|100%| O|  |TAMS 0x00000000a4700000, 0x00000000a4600000| Untracked 
| 583|0x00000000a4700000, 0x00000000a4800000, 0x00000000a4800000|100%| O|  |TAMS 0x00000000a4800000, 0x00000000a4700000| Untracked 
| 584|0x00000000a4800000, 0x00000000a4900000, 0x00000000a4900000|100%| O|  |TAMS 0x00000000a4900000, 0x00000000a4800000| Untracked 
| 585|0x00000000a4900000, 0x00000000a4a00000, 0x00000000a4a00000|100%| O|  |TAMS 0x00000000a4a00000, 0x00000000a4900000| Untracked 
| 586|0x00000000a4a00000, 0x00000000a4b00000, 0x00000000a4b00000|100%| O|  |TAMS 0x00000000a4b00000, 0x00000000a4a00000| Untracked 
| 587|0x00000000a4b00000, 0x00000000a4c00000, 0x00000000a4c00000|100%| O|  |TAMS 0x00000000a4c00000, 0x00000000a4b00000| Untracked 
| 588|0x00000000a4c00000, 0x00000000a4d00000, 0x00000000a4d00000|100%| O|  |TAMS 0x00000000a4d00000, 0x00000000a4c00000| Untracked 
| 589|0x00000000a4d00000, 0x00000000a4e00000, 0x00000000a4e00000|100%| O|  |TAMS 0x00000000a4e00000, 0x00000000a4d00000| Untracked 
| 590|0x00000000a4e00000, 0x00000000a4f00000, 0x00000000a4f00000|100%| O|  |TAMS 0x00000000a4f00000, 0x00000000a4e00000| Untracked 
| 591|0x00000000a4f00000, 0x00000000a5000000, 0x00000000a5000000|100%| O|  |TAMS 0x00000000a5000000, 0x00000000a4f00000| Untracked 
| 592|0x00000000a5000000, 0x00000000a5100000, 0x00000000a5100000|100%| O|  |TAMS 0x00000000a5100000, 0x00000000a5000000| Untracked 
| 593|0x00000000a5100000, 0x00000000a5200000, 0x00000000a5200000|100%| O|  |TAMS 0x00000000a5200000, 0x00000000a5100000| Untracked 
| 594|0x00000000a5200000, 0x00000000a5300000, 0x00000000a5300000|100%| O|  |TAMS 0x00000000a5300000, 0x00000000a5200000| Untracked 
| 595|0x00000000a5300000, 0x00000000a5400000, 0x00000000a5400000|100%| O|  |TAMS 0x00000000a5400000, 0x00000000a5300000| Untracked 
| 596|0x00000000a5400000, 0x00000000a5500000, 0x00000000a5500000|100%| O|  |TAMS 0x00000000a5500000, 0x00000000a5400000| Untracked 
| 597|0x00000000a5500000, 0x00000000a5600000, 0x00000000a5600000|100%| O|  |TAMS 0x00000000a5600000, 0x00000000a5500000| Untracked 
| 598|0x00000000a5600000, 0x00000000a5700000, 0x00000000a5700000|100%| O|  |TAMS 0x00000000a5700000, 0x00000000a5600000| Untracked 
| 599|0x00000000a5700000, 0x00000000a5800000, 0x00000000a5800000|100%| O|  |TAMS 0x00000000a5800000, 0x00000000a5700000| Untracked 
| 600|0x00000000a5800000, 0x00000000a5900000, 0x00000000a5900000|100%| O|  |TAMS 0x00000000a5900000, 0x00000000a5800000| Untracked 
| 601|0x00000000a5900000, 0x00000000a5a00000, 0x00000000a5a00000|100%| O|  |TAMS 0x00000000a5a00000, 0x00000000a5900000| Untracked 
| 602|0x00000000a5a00000, 0x00000000a5b00000, 0x00000000a5b00000|100%| O|  |TAMS 0x00000000a5b00000, 0x00000000a5a00000| Untracked 
| 603|0x00000000a5b00000, 0x00000000a5c00000, 0x00000000a5c00000|100%| O|  |TAMS 0x00000000a5c00000, 0x00000000a5b00000| Untracked 
| 604|0x00000000a5c00000, 0x00000000a5d00000, 0x00000000a5d00000|100%| O|  |TAMS 0x00000000a5d00000, 0x00000000a5c00000| Untracked 
| 605|0x00000000a5d00000, 0x00000000a5e00000, 0x00000000a5e00000|100%| O|  |TAMS 0x00000000a5e00000, 0x00000000a5d00000| Untracked 
| 606|0x00000000a5e00000, 0x00000000a5f00000, 0x00000000a5f00000|100%| O|  |TAMS 0x00000000a5f00000, 0x00000000a5e00000| Untracked 
| 607|0x00000000a5f00000, 0x00000000a6000000, 0x00000000a6000000|100%| O|  |TAMS 0x00000000a6000000, 0x00000000a5f00000| Untracked 
| 608|0x00000000a6000000, 0x00000000a6100000, 0x00000000a6100000|100%| O|  |TAMS 0x00000000a6100000, 0x00000000a6000000| Untracked 
| 609|0x00000000a6100000, 0x00000000a6200000, 0x00000000a6200000|100%| O|  |TAMS 0x00000000a6200000, 0x00000000a6100000| Untracked 
| 610|0x00000000a6200000, 0x00000000a6300000, 0x00000000a6300000|100%| O|  |TAMS 0x00000000a6300000, 0x00000000a6200000| Untracked 
| 611|0x00000000a6300000, 0x00000000a6400000, 0x00000000a6400000|100%| O|  |TAMS 0x00000000a6400000, 0x00000000a6300000| Untracked 
| 612|0x00000000a6400000, 0x00000000a6500000, 0x00000000a6500000|100%| O|  |TAMS 0x00000000a6500000, 0x00000000a6400000| Untracked 
| 613|0x00000000a6500000, 0x00000000a6600000, 0x00000000a6600000|100%| O|  |TAMS 0x00000000a6600000, 0x00000000a6500000| Untracked 
| 614|0x00000000a6600000, 0x00000000a6700000, 0x00000000a6700000|100%| O|  |TAMS 0x00000000a6700000, 0x00000000a6600000| Untracked 
| 615|0x00000000a6700000, 0x00000000a6800000, 0x00000000a6800000|100%| O|  |TAMS 0x00000000a6800000, 0x00000000a6700000| Untracked 
| 616|0x00000000a6800000, 0x00000000a6900000, 0x00000000a6900000|100%| O|  |TAMS 0x00000000a6900000, 0x00000000a6800000| Untracked 
| 617|0x00000000a6900000, 0x00000000a6a00000, 0x00000000a6a00000|100%| O|  |TAMS 0x00000000a6a00000, 0x00000000a6900000| Untracked 
| 618|0x00000000a6a00000, 0x00000000a6b00000, 0x00000000a6b00000|100%| O|  |TAMS 0x00000000a6b00000, 0x00000000a6a00000| Untracked 
| 619|0x00000000a6b00000, 0x00000000a6c00000, 0x00000000a6c00000|100%| O|  |TAMS 0x00000000a6c00000, 0x00000000a6b00000| Untracked 
| 620|0x00000000a6c00000, 0x00000000a6d00000, 0x00000000a6d00000|100%| O|  |TAMS 0x00000000a6d00000, 0x00000000a6c00000| Untracked 
| 621|0x00000000a6d00000, 0x00000000a6e00000, 0x00000000a6e00000|100%| O|  |TAMS 0x00000000a6e00000, 0x00000000a6d00000| Untracked 
| 622|0x00000000a6e00000, 0x00000000a6f00000, 0x00000000a6f00000|100%| O|  |TAMS 0x00000000a6f00000, 0x00000000a6e00000| Untracked 
| 623|0x00000000a6f00000, 0x00000000a7000000, 0x00000000a7000000|100%| O|  |TAMS 0x00000000a7000000, 0x00000000a6f00000| Untracked 
| 624|0x00000000a7000000, 0x00000000a7100000, 0x00000000a7100000|100%| O|  |TAMS 0x00000000a7100000, 0x00000000a7000000| Untracked 
| 625|0x00000000a7100000, 0x00000000a7200000, 0x00000000a7200000|100%| O|  |TAMS 0x00000000a7200000, 0x00000000a7100000| Untracked 
| 626|0x00000000a7200000, 0x00000000a7300000, 0x00000000a7300000|100%| O|  |TAMS 0x00000000a7300000, 0x00000000a7200000| Untracked 
| 627|0x00000000a7300000, 0x00000000a7400000, 0x00000000a7400000|100%| O|  |TAMS 0x00000000a7400000, 0x00000000a7300000| Untracked 
| 628|0x00000000a7400000, 0x00000000a7500000, 0x00000000a7500000|100%| O|  |TAMS 0x00000000a7500000, 0x00000000a7400000| Untracked 
| 629|0x00000000a7500000, 0x00000000a7600000, 0x00000000a7600000|100%| O|  |TAMS 0x00000000a7600000, 0x00000000a7500000| Untracked 
| 630|0x00000000a7600000, 0x00000000a7700000, 0x00000000a7700000|100%| O|  |TAMS 0x00000000a7700000, 0x00000000a7600000| Untracked 
| 631|0x00000000a7700000, 0x00000000a7800000, 0x00000000a7800000|100%| O|  |TAMS 0x00000000a7800000, 0x00000000a7700000| Untracked 
| 632|0x00000000a7800000, 0x00000000a7900000, 0x00000000a7900000|100%| O|  |TAMS 0x00000000a7900000, 0x00000000a7800000| Untracked 
| 633|0x00000000a7900000, 0x00000000a7a00000, 0x00000000a7a00000|100%| O|  |TAMS 0x00000000a7974400, 0x00000000a7900000| Untracked 
| 634|0x00000000a7a00000, 0x00000000a7a00000, 0x00000000a7b00000|  0%| F|  |TAMS 0x00000000a7a00000, 0x00000000a7a00000| Untracked 
| 635|0x00000000a7b00000, 0x00000000a7b00000, 0x00000000a7c00000|  0%| F|  |TAMS 0x00000000a7b00000, 0x00000000a7b00000| Untracked 
| 636|0x00000000a7c00000, 0x00000000a7c00000, 0x00000000a7d00000|  0%| F|  |TAMS 0x00000000a7c00000, 0x00000000a7c00000| Untracked 
| 637|0x00000000a7d00000, 0x00000000a7d00000, 0x00000000a7e00000|  0%| F|  |TAMS 0x00000000a7d00000, 0x00000000a7d00000| Untracked 
| 638|0x00000000a7e00000, 0x00000000a7e00000, 0x00000000a7f00000|  0%| F|  |TAMS 0x00000000a7e00000, 0x00000000a7e00000| Untracked 
| 639|0x00000000a7f00000, 0x00000000a7f00000, 0x00000000a8000000|  0%| F|  |TAMS 0x00000000a7f00000, 0x00000000a7f00000| Untracked 
| 640|0x00000000a8000000, 0x00000000a8000000, 0x00000000a8100000|  0%| F|  |TAMS 0x00000000a8000000, 0x00000000a8000000| Untracked 
| 641|0x00000000a8100000, 0x00000000a8100000, 0x00000000a8200000|  0%| F|  |TAMS 0x00000000a8100000, 0x00000000a8100000| Untracked 
| 642|0x00000000a8200000, 0x00000000a8200000, 0x00000000a8300000|  0%| F|  |TAMS 0x00000000a8200000, 0x00000000a8200000| Untracked 
| 643|0x00000000a8300000, 0x00000000a8300000, 0x00000000a8400000|  0%| F|  |TAMS 0x00000000a8300000, 0x00000000a8300000| Untracked 
| 644|0x00000000a8400000, 0x00000000a8400000, 0x00000000a8500000|  0%| F|  |TAMS 0x00000000a8400000, 0x00000000a8400000| Untracked 
| 645|0x00000000a8500000, 0x00000000a8500000, 0x00000000a8600000|  0%| F|  |TAMS 0x00000000a8500000, 0x00000000a8500000| Untracked 
| 646|0x00000000a8600000, 0x00000000a8600000, 0x00000000a8700000|  0%| F|  |TAMS 0x00000000a8600000, 0x00000000a8600000| Untracked 
| 647|0x00000000a8700000, 0x00000000a8700000, 0x00000000a8800000|  0%| F|  |TAMS 0x00000000a8700000, 0x00000000a8700000| Untracked 
| 648|0x00000000a8800000, 0x00000000a8800000, 0x00000000a8900000|  0%| F|  |TAMS 0x00000000a8800000, 0x00000000a8800000| Untracked 
| 649|0x00000000a8900000, 0x00000000a8900000, 0x00000000a8a00000|  0%| F|  |TAMS 0x00000000a8900000, 0x00000000a8900000| Untracked 
| 650|0x00000000a8a00000, 0x00000000a8a00000, 0x00000000a8b00000|  0%| F|  |TAMS 0x00000000a8a00000, 0x00000000a8a00000| Untracked 
| 651|0x00000000a8b00000, 0x00000000a8b00000, 0x00000000a8c00000|  0%| F|  |TAMS 0x00000000a8b00000, 0x00000000a8b00000| Untracked 
| 652|0x00000000a8c00000, 0x00000000a8c00000, 0x00000000a8d00000|  0%| F|  |TAMS 0x00000000a8c00000, 0x00000000a8c00000| Untracked 
| 653|0x00000000a8d00000, 0x00000000a8d00000, 0x00000000a8e00000|  0%| F|  |TAMS 0x00000000a8d00000, 0x00000000a8d00000| Untracked 
| 654|0x00000000a8e00000, 0x00000000a8e00000, 0x00000000a8f00000|  0%| F|  |TAMS 0x00000000a8e00000, 0x00000000a8e00000| Untracked 
| 655|0x00000000a8f00000, 0x00000000a8f00000, 0x00000000a9000000|  0%| F|  |TAMS 0x00000000a8f00000, 0x00000000a8f00000| Untracked 
| 656|0x00000000a9000000, 0x00000000a9000000, 0x00000000a9100000|  0%| F|  |TAMS 0x00000000a9000000, 0x00000000a9000000| Untracked 
| 657|0x00000000a9100000, 0x00000000a9100000, 0x00000000a9200000|  0%| F|  |TAMS 0x00000000a9100000, 0x00000000a9100000| Untracked 
| 658|0x00000000a9200000, 0x00000000a9200000, 0x00000000a9300000|  0%| F|  |TAMS 0x00000000a9200000, 0x00000000a9200000| Untracked 
| 659|0x00000000a9300000, 0x00000000a9300000, 0x00000000a9400000|  0%| F|  |TAMS 0x00000000a9300000, 0x00000000a9300000| Untracked 
| 660|0x00000000a9400000, 0x00000000a9400000, 0x00000000a9500000|  0%| F|  |TAMS 0x00000000a9400000, 0x00000000a9400000| Untracked 
| 661|0x00000000a9500000, 0x00000000a9500000, 0x00000000a9600000|  0%| F|  |TAMS 0x00000000a9500000, 0x00000000a9500000| Untracked 
| 662|0x00000000a9600000, 0x00000000a9600000, 0x00000000a9700000|  0%| F|  |TAMS 0x00000000a9600000, 0x00000000a9600000| Untracked 
| 663|0x00000000a9700000, 0x00000000a9700000, 0x00000000a9800000|  0%| F|  |TAMS 0x00000000a9700000, 0x00000000a9700000| Untracked 
| 664|0x00000000a9800000, 0x00000000a9800000, 0x00000000a9900000|  0%| F|  |TAMS 0x00000000a9800000, 0x00000000a9800000| Untracked 
| 665|0x00000000a9900000, 0x00000000a9a00000, 0x00000000a9a00000|100%|HS|  |TAMS 0x00000000a9a00000, 0x00000000a9900000| Complete 
| 666|0x00000000a9a00000, 0x00000000a9b00000, 0x00000000a9b00000|100%|HC|  |TAMS 0x00000000a9b00000, 0x00000000a9a00000| Complete 
| 667|0x00000000a9b00000, 0x00000000a9c00000, 0x00000000a9c00000|100%|HC|  |TAMS 0x00000000a9c00000, 0x00000000a9b00000| Complete 
| 668|0x00000000a9c00000, 0x00000000a9d00000, 0x00000000a9d00000|100%|HC|  |TAMS 0x00000000a9d00000, 0x00000000a9c00000| Complete 
| 669|0x00000000a9d00000, 0x00000000a9e00000, 0x00000000a9e00000|100%|HC|  |TAMS 0x00000000a9e00000, 0x00000000a9d00000| Complete 
| 670|0x00000000a9e00000, 0x00000000a9f00000, 0x00000000a9f00000|100%|HC|  |TAMS 0x00000000a9f00000, 0x00000000a9e00000| Complete 
| 671|0x00000000a9f00000, 0x00000000aa000000, 0x00000000aa000000|100%|HC|  |TAMS 0x00000000aa000000, 0x00000000a9f00000| Complete 
| 672|0x00000000aa000000, 0x00000000aa100000, 0x00000000aa100000|100%|HC|  |TAMS 0x00000000aa100000, 0x00000000aa000000| Complete 
| 673|0x00000000aa100000, 0x00000000aa200000, 0x00000000aa200000|100%|HC|  |TAMS 0x00000000aa200000, 0x00000000aa100000| Complete 
| 674|0x00000000aa200000, 0x00000000aa300000, 0x00000000aa300000|100%|HC|  |TAMS 0x00000000aa300000, 0x00000000aa200000| Complete 
| 675|0x00000000aa300000, 0x00000000aa400000, 0x00000000aa400000|100%|HC|  |TAMS 0x00000000aa400000, 0x00000000aa300000| Complete 
| 676|0x00000000aa400000, 0x00000000aa500000, 0x00000000aa500000|100%|HC|  |TAMS 0x00000000aa500000, 0x00000000aa400000| Complete 
| 677|0x00000000aa500000, 0x00000000aa600000, 0x00000000aa600000|100%|HC|  |TAMS 0x00000000aa600000, 0x00000000aa500000| Complete 
| 678|0x00000000aa600000, 0x00000000aa700000, 0x00000000aa700000|100%|HC|  |TAMS 0x00000000aa700000, 0x00000000aa600000| Complete 
| 679|0x00000000aa700000, 0x00000000aa700000, 0x00000000aa800000|  0%| F|  |TAMS 0x00000000aa700000, 0x00000000aa700000| Untracked 
| 680|0x00000000aa800000, 0x00000000aa800000, 0x00000000aa900000|  0%| F|  |TAMS 0x00000000aa800000, 0x00000000aa800000| Untracked 
| 681|0x00000000aa900000, 0x00000000aa900000, 0x00000000aaa00000|  0%| F|  |TAMS 0x00000000aa900000, 0x00000000aa900000| Untracked 
| 682|0x00000000aaa00000, 0x00000000aaa00000, 0x00000000aab00000|  0%| F|  |TAMS 0x00000000aaa00000, 0x00000000aaa00000| Untracked 
| 683|0x00000000aab00000, 0x00000000aab00000, 0x00000000aac00000|  0%| F|  |TAMS 0x00000000aab00000, 0x00000000aab00000| Untracked 
| 684|0x00000000aac00000, 0x00000000aac00000, 0x00000000aad00000|  0%| F|  |TAMS 0x00000000aac00000, 0x00000000aac00000| Untracked 
| 685|0x00000000aad00000, 0x00000000aad00000, 0x00000000aae00000|  0%| F|  |TAMS 0x00000000aad00000, 0x00000000aad00000| Untracked 
| 686|0x00000000aae00000, 0x00000000aae00000, 0x00000000aaf00000|  0%| F|  |TAMS 0x00000000aae00000, 0x00000000aae00000| Untracked 
| 687|0x00000000aaf00000, 0x00000000aaf00000, 0x00000000ab000000|  0%| F|  |TAMS 0x00000000aaf00000, 0x00000000aaf00000| Untracked 
| 688|0x00000000ab000000, 0x00000000ab000000, 0x00000000ab100000|  0%| F|  |TAMS 0x00000000ab000000, 0x00000000ab000000| Untracked 
| 689|0x00000000ab100000, 0x00000000ab100000, 0x00000000ab200000|  0%| F|  |TAMS 0x00000000ab100000, 0x00000000ab100000| Untracked 
| 690|0x00000000ab200000, 0x00000000ab200000, 0x00000000ab300000|  0%| F|  |TAMS 0x00000000ab200000, 0x00000000ab200000| Untracked 
| 691|0x00000000ab300000, 0x00000000ab300000, 0x00000000ab400000|  0%| F|  |TAMS 0x00000000ab300000, 0x00000000ab300000| Untracked 
| 692|0x00000000ab400000, 0x00000000ab400000, 0x00000000ab500000|  0%| F|  |TAMS 0x00000000ab400000, 0x00000000ab400000| Untracked 
| 693|0x00000000ab500000, 0x00000000ab500000, 0x00000000ab600000|  0%| F|  |TAMS 0x00000000ab500000, 0x00000000ab500000| Untracked 
| 694|0x00000000ab600000, 0x00000000ab600000, 0x00000000ab700000|  0%| F|  |TAMS 0x00000000ab600000, 0x00000000ab600000| Untracked 
| 695|0x00000000ab700000, 0x00000000ab700000, 0x00000000ab800000|  0%| F|  |TAMS 0x00000000ab700000, 0x00000000ab700000| Untracked 
| 696|0x00000000ab800000, 0x00000000ab800000, 0x00000000ab900000|  0%| F|  |TAMS 0x00000000ab800000, 0x00000000ab800000| Untracked 
| 697|0x00000000ab900000, 0x00000000ab900000, 0x00000000aba00000|  0%| F|  |TAMS 0x00000000ab900000, 0x00000000ab900000| Untracked 
| 698|0x00000000aba00000, 0x00000000aba00000, 0x00000000abb00000|  0%| F|  |TAMS 0x00000000aba00000, 0x00000000aba00000| Untracked 
| 699|0x00000000abb00000, 0x00000000abb00000, 0x00000000abc00000|  0%| F|  |TAMS 0x00000000abb00000, 0x00000000abb00000| Untracked 
| 700|0x00000000abc00000, 0x00000000abc00000, 0x00000000abd00000|  0%| F|  |TAMS 0x00000000abc00000, 0x00000000abc00000| Untracked 
| 701|0x00000000abd00000, 0x00000000abd00000, 0x00000000abe00000|  0%| F|  |TAMS 0x00000000abd00000, 0x00000000abd00000| Untracked 
| 702|0x00000000abe00000, 0x00000000abe00000, 0x00000000abf00000|  0%| F|  |TAMS 0x00000000abe00000, 0x00000000abe00000| Untracked 
| 703|0x00000000abf00000, 0x00000000abf00000, 0x00000000ac000000|  0%| F|  |TAMS 0x00000000abf00000, 0x00000000abf00000| Untracked 
| 704|0x00000000ac000000, 0x00000000ac000000, 0x00000000ac100000|  0%| F|  |TAMS 0x00000000ac000000, 0x00000000ac000000| Untracked 
| 705|0x00000000ac100000, 0x00000000ac100000, 0x00000000ac200000|  0%| F|  |TAMS 0x00000000ac100000, 0x00000000ac100000| Untracked 
| 706|0x00000000ac200000, 0x00000000ac200000, 0x00000000ac300000|  0%| F|  |TAMS 0x00000000ac200000, 0x00000000ac200000| Untracked 
| 707|0x00000000ac300000, 0x00000000ac300000, 0x00000000ac400000|  0%| F|  |TAMS 0x00000000ac300000, 0x00000000ac300000| Untracked 
| 708|0x00000000ac400000, 0x00000000ac400000, 0x00000000ac500000|  0%| F|  |TAMS 0x00000000ac400000, 0x00000000ac400000| Untracked 
| 709|0x00000000ac500000, 0x00000000ac500000, 0x00000000ac600000|  0%| F|  |TAMS 0x00000000ac500000, 0x00000000ac500000| Untracked 
| 710|0x00000000ac600000, 0x00000000ac600000, 0x00000000ac700000|  0%| F|  |TAMS 0x00000000ac600000, 0x00000000ac600000| Untracked 
| 711|0x00000000ac700000, 0x00000000ac700000, 0x00000000ac800000|  0%| F|  |TAMS 0x00000000ac700000, 0x00000000ac700000| Untracked 
| 712|0x00000000ac800000, 0x00000000ac800000, 0x00000000ac900000|  0%| F|  |TAMS 0x00000000ac800000, 0x00000000ac800000| Untracked 
| 713|0x00000000ac900000, 0x00000000ac900000, 0x00000000aca00000|  0%| F|  |TAMS 0x00000000ac900000, 0x00000000ac900000| Untracked 
| 714|0x00000000aca00000, 0x00000000aca00000, 0x00000000acb00000|  0%| F|  |TAMS 0x00000000aca00000, 0x00000000aca00000| Untracked 
| 715|0x00000000acb00000, 0x00000000acb00000, 0x00000000acc00000|  0%| F|  |TAMS 0x00000000acb00000, 0x00000000acb00000| Untracked 
| 716|0x00000000acc00000, 0x00000000acc00000, 0x00000000acd00000|  0%| F|  |TAMS 0x00000000acc00000, 0x00000000acc00000| Untracked 
| 717|0x00000000acd00000, 0x00000000acd00000, 0x00000000ace00000|  0%| F|  |TAMS 0x00000000acd00000, 0x00000000acd00000| Untracked 
| 718|0x00000000ace00000, 0x00000000ace00000, 0x00000000acf00000|  0%| F|  |TAMS 0x00000000ace00000, 0x00000000ace00000| Untracked 
| 719|0x00000000acf00000, 0x00000000acf00000, 0x00000000ad000000|  0%| F|  |TAMS 0x00000000acf00000, 0x00000000acf00000| Untracked 
| 720|0x00000000ad000000, 0x00000000ad000000, 0x00000000ad100000|  0%| F|  |TAMS 0x00000000ad000000, 0x00000000ad000000| Untracked 
| 721|0x00000000ad100000, 0x00000000ad100000, 0x00000000ad200000|  0%| F|  |TAMS 0x00000000ad100000, 0x00000000ad100000| Untracked 
| 722|0x00000000ad200000, 0x00000000ad200000, 0x00000000ad300000|  0%| F|  |TAMS 0x00000000ad200000, 0x00000000ad200000| Untracked 
| 723|0x00000000ad300000, 0x00000000ad300000, 0x00000000ad400000|  0%| F|  |TAMS 0x00000000ad300000, 0x00000000ad300000| Untracked 
| 724|0x00000000ad400000, 0x00000000ad400000, 0x00000000ad500000|  0%| F|  |TAMS 0x00000000ad400000, 0x00000000ad400000| Untracked 
| 725|0x00000000ad500000, 0x00000000ad500000, 0x00000000ad600000|  0%| F|  |TAMS 0x00000000ad500000, 0x00000000ad500000| Untracked 
| 726|0x00000000ad600000, 0x00000000ad600000, 0x00000000ad700000|  0%| F|  |TAMS 0x00000000ad600000, 0x00000000ad600000| Untracked 
| 727|0x00000000ad700000, 0x00000000ad700000, 0x00000000ad800000|  0%| F|  |TAMS 0x00000000ad700000, 0x00000000ad700000| Untracked 
| 728|0x00000000ad800000, 0x00000000ad800000, 0x00000000ad900000|  0%| F|  |TAMS 0x00000000ad800000, 0x00000000ad800000| Untracked 
| 729|0x00000000ad900000, 0x00000000ad900000, 0x00000000ada00000|  0%| F|  |TAMS 0x00000000ad900000, 0x00000000ad900000| Untracked 
| 730|0x00000000ada00000, 0x00000000ada00000, 0x00000000adb00000|  0%| F|  |TAMS 0x00000000ada00000, 0x00000000ada00000| Untracked 
| 731|0x00000000adb00000, 0x00000000adb00000, 0x00000000adc00000|  0%| F|  |TAMS 0x00000000adb00000, 0x00000000adb00000| Untracked 
| 732|0x00000000adc00000, 0x00000000adc00000, 0x00000000add00000|  0%| F|  |TAMS 0x00000000adc00000, 0x00000000adc00000| Untracked 
| 733|0x00000000add00000, 0x00000000add00000, 0x00000000ade00000|  0%| F|  |TAMS 0x00000000add00000, 0x00000000add00000| Untracked 
| 734|0x00000000ade00000, 0x00000000ade00000, 0x00000000adf00000|  0%| F|  |TAMS 0x00000000ade00000, 0x00000000ade00000| Untracked 
| 735|0x00000000adf00000, 0x00000000adf00000, 0x00000000ae000000|  0%| F|  |TAMS 0x00000000adf00000, 0x00000000adf00000| Untracked 
| 736|0x00000000ae000000, 0x00000000ae000000, 0x00000000ae100000|  0%| F|  |TAMS 0x00000000ae000000, 0x00000000ae000000| Untracked 
| 737|0x00000000ae100000, 0x00000000ae100000, 0x00000000ae200000|  0%| F|  |TAMS 0x00000000ae100000, 0x00000000ae100000| Untracked 
| 738|0x00000000ae200000, 0x00000000ae200000, 0x00000000ae300000|  0%| F|  |TAMS 0x00000000ae200000, 0x00000000ae200000| Untracked 
| 739|0x00000000ae300000, 0x00000000ae300000, 0x00000000ae400000|  0%| F|  |TAMS 0x00000000ae300000, 0x00000000ae300000| Untracked 
| 740|0x00000000ae400000, 0x00000000ae400000, 0x00000000ae500000|  0%| F|  |TAMS 0x00000000ae400000, 0x00000000ae400000| Untracked 
| 741|0x00000000ae500000, 0x00000000ae500000, 0x00000000ae600000|  0%| F|  |TAMS 0x00000000ae500000, 0x00000000ae500000| Untracked 
| 742|0x00000000ae600000, 0x00000000ae600000, 0x00000000ae700000|  0%| F|  |TAMS 0x00000000ae600000, 0x00000000ae600000| Untracked 
| 743|0x00000000ae700000, 0x00000000ae700000, 0x00000000ae800000|  0%| F|  |TAMS 0x00000000ae700000, 0x00000000ae700000| Untracked 
| 744|0x00000000ae800000, 0x00000000ae800000, 0x00000000ae900000|  0%| F|  |TAMS 0x00000000ae800000, 0x00000000ae800000| Untracked 
| 745|0x00000000ae900000, 0x00000000ae900000, 0x00000000aea00000|  0%| F|  |TAMS 0x00000000ae900000, 0x00000000ae900000| Untracked 
| 746|0x00000000aea00000, 0x00000000aea00000, 0x00000000aeb00000|  0%| F|  |TAMS 0x00000000aea00000, 0x00000000aea00000| Untracked 
| 747|0x00000000aeb00000, 0x00000000aeb00000, 0x00000000aec00000|  0%| F|  |TAMS 0x00000000aeb00000, 0x00000000aeb00000| Untracked 
| 748|0x00000000aec00000, 0x00000000aec00000, 0x00000000aed00000|  0%| F|  |TAMS 0x00000000aec00000, 0x00000000aec00000| Untracked 
| 749|0x00000000aed00000, 0x00000000aed00000, 0x00000000aee00000|  0%| F|  |TAMS 0x00000000aed00000, 0x00000000aed00000| Untracked 
| 750|0x00000000aee00000, 0x00000000aee00000, 0x00000000aef00000|  0%| F|  |TAMS 0x00000000aee00000, 0x00000000aee00000| Untracked 
| 751|0x00000000aef00000, 0x00000000aef00000, 0x00000000af000000|  0%| F|  |TAMS 0x00000000aef00000, 0x00000000aef00000| Untracked 
| 752|0x00000000af000000, 0x00000000af000000, 0x00000000af100000|  0%| F|  |TAMS 0x00000000af000000, 0x00000000af000000| Untracked 
| 753|0x00000000af100000, 0x00000000af100000, 0x00000000af200000|  0%| F|  |TAMS 0x00000000af100000, 0x00000000af100000| Untracked 
| 754|0x00000000af200000, 0x00000000af200000, 0x00000000af300000|  0%| F|  |TAMS 0x00000000af200000, 0x00000000af200000| Untracked 
| 755|0x00000000af300000, 0x00000000af300000, 0x00000000af400000|  0%| F|  |TAMS 0x00000000af300000, 0x00000000af300000| Untracked 
| 756|0x00000000af400000, 0x00000000af400000, 0x00000000af500000|  0%| F|  |TAMS 0x00000000af400000, 0x00000000af400000| Untracked 
| 757|0x00000000af500000, 0x00000000af500000, 0x00000000af600000|  0%| F|  |TAMS 0x00000000af500000, 0x00000000af500000| Untracked 
| 758|0x00000000af600000, 0x00000000af600000, 0x00000000af700000|  0%| F|  |TAMS 0x00000000af600000, 0x00000000af600000| Untracked 
| 759|0x00000000af700000, 0x00000000af700000, 0x00000000af800000|  0%| F|  |TAMS 0x00000000af700000, 0x00000000af700000| Untracked 
| 760|0x00000000af800000, 0x00000000af800000, 0x00000000af900000|  0%| F|  |TAMS 0x00000000af800000, 0x00000000af800000| Untracked 
| 761|0x00000000af900000, 0x00000000af900000, 0x00000000afa00000|  0%| F|  |TAMS 0x00000000af900000, 0x00000000af900000| Untracked 
| 762|0x00000000afa00000, 0x00000000afa00000, 0x00000000afb00000|  0%| F|  |TAMS 0x00000000afa00000, 0x00000000afa00000| Untracked 
| 763|0x00000000afb00000, 0x00000000afb00000, 0x00000000afc00000|  0%| F|  |TAMS 0x00000000afb00000, 0x00000000afb00000| Untracked 
| 764|0x00000000afc00000, 0x00000000afc00000, 0x00000000afd00000|  0%| F|  |TAMS 0x00000000afc00000, 0x00000000afc00000| Untracked 
| 765|0x00000000afd00000, 0x00000000afd00000, 0x00000000afe00000|  0%| F|  |TAMS 0x00000000afd00000, 0x00000000afd00000| Untracked 
| 766|0x00000000afe00000, 0x00000000afe00000, 0x00000000aff00000|  0%| F|  |TAMS 0x00000000afe00000, 0x00000000afe00000| Untracked 
| 767|0x00000000aff00000, 0x00000000aff00000, 0x00000000b0000000|  0%| F|  |TAMS 0x00000000aff00000, 0x00000000aff00000| Untracked 
| 768|0x00000000b0000000, 0x00000000b0000000, 0x00000000b0100000|  0%| F|  |TAMS 0x00000000b0000000, 0x00000000b0000000| Untracked 
| 769|0x00000000b0100000, 0x00000000b0100000, 0x00000000b0200000|  0%| F|  |TAMS 0x00000000b0100000, 0x00000000b0100000| Untracked 
| 770|0x00000000b0200000, 0x00000000b0200000, 0x00000000b0300000|  0%| F|  |TAMS 0x00000000b0200000, 0x00000000b0200000| Untracked 
| 771|0x00000000b0300000, 0x00000000b0300000, 0x00000000b0400000|  0%| F|  |TAMS 0x00000000b0300000, 0x00000000b0300000| Untracked 
| 772|0x00000000b0400000, 0x00000000b0400000, 0x00000000b0500000|  0%| F|  |TAMS 0x00000000b0400000, 0x00000000b0400000| Untracked 
| 773|0x00000000b0500000, 0x00000000b0500000, 0x00000000b0600000|  0%| F|  |TAMS 0x00000000b0500000, 0x00000000b0500000| Untracked 
| 774|0x00000000b0600000, 0x00000000b0600000, 0x00000000b0700000|  0%| F|  |TAMS 0x00000000b0600000, 0x00000000b0600000| Untracked 
| 775|0x00000000b0700000, 0x00000000b0700000, 0x00000000b0800000|  0%| F|  |TAMS 0x00000000b0700000, 0x00000000b0700000| Untracked 
| 776|0x00000000b0800000, 0x00000000b0800000, 0x00000000b0900000|  0%| F|  |TAMS 0x00000000b0800000, 0x00000000b0800000| Untracked 
| 777|0x00000000b0900000, 0x00000000b0900000, 0x00000000b0a00000|  0%| F|  |TAMS 0x00000000b0900000, 0x00000000b0900000| Untracked 
| 778|0x00000000b0a00000, 0x00000000b0a00000, 0x00000000b0b00000|  0%| F|  |TAMS 0x00000000b0a00000, 0x00000000b0a00000| Untracked 
| 779|0x00000000b0b00000, 0x00000000b0b00000, 0x00000000b0c00000|  0%| F|  |TAMS 0x00000000b0b00000, 0x00000000b0b00000| Untracked 
| 780|0x00000000b0c00000, 0x00000000b0c00000, 0x00000000b0d00000|  0%| F|  |TAMS 0x00000000b0c00000, 0x00000000b0c00000| Untracked 
| 781|0x00000000b0d00000, 0x00000000b0d00000, 0x00000000b0e00000|  0%| F|  |TAMS 0x00000000b0d00000, 0x00000000b0d00000| Untracked 
| 782|0x00000000b0e00000, 0x00000000b0e00000, 0x00000000b0f00000|  0%| F|  |TAMS 0x00000000b0e00000, 0x00000000b0e00000| Untracked 
| 783|0x00000000b0f00000, 0x00000000b0f00000, 0x00000000b1000000|  0%| F|  |TAMS 0x00000000b0f00000, 0x00000000b0f00000| Untracked 
| 784|0x00000000b1000000, 0x00000000b1000000, 0x00000000b1100000|  0%| F|  |TAMS 0x00000000b1000000, 0x00000000b1000000| Untracked 
| 785|0x00000000b1100000, 0x00000000b1100000, 0x00000000b1200000|  0%| F|  |TAMS 0x00000000b1100000, 0x00000000b1100000| Untracked 
| 786|0x00000000b1200000, 0x00000000b1200000, 0x00000000b1300000|  0%| F|  |TAMS 0x00000000b1200000, 0x00000000b1200000| Untracked 
| 787|0x00000000b1300000, 0x00000000b1300000, 0x00000000b1400000|  0%| F|  |TAMS 0x00000000b1300000, 0x00000000b1300000| Untracked 
| 788|0x00000000b1400000, 0x00000000b1400000, 0x00000000b1500000|  0%| F|  |TAMS 0x00000000b1400000, 0x00000000b1400000| Untracked 
| 789|0x00000000b1500000, 0x00000000b1500000, 0x00000000b1600000|  0%| F|  |TAMS 0x00000000b1500000, 0x00000000b1500000| Untracked 
| 790|0x00000000b1600000, 0x00000000b1600000, 0x00000000b1700000|  0%| F|  |TAMS 0x00000000b1600000, 0x00000000b1600000| Untracked 
| 791|0x00000000b1700000, 0x00000000b1700000, 0x00000000b1800000|  0%| F|  |TAMS 0x00000000b1700000, 0x00000000b1700000| Untracked 
| 792|0x00000000b1800000, 0x00000000b1800000, 0x00000000b1900000|  0%| F|  |TAMS 0x00000000b1800000, 0x00000000b1800000| Untracked 
| 793|0x00000000b1900000, 0x00000000b1900000, 0x00000000b1a00000|  0%| F|  |TAMS 0x00000000b1900000, 0x00000000b1900000| Untracked 
| 794|0x00000000b1a00000, 0x00000000b1a00000, 0x00000000b1b00000|  0%| F|  |TAMS 0x00000000b1a00000, 0x00000000b1a00000| Untracked 
| 795|0x00000000b1b00000, 0x00000000b1b00000, 0x00000000b1c00000|  0%| F|  |TAMS 0x00000000b1b00000, 0x00000000b1b00000| Untracked 
| 796|0x00000000b1c00000, 0x00000000b1c00000, 0x00000000b1d00000|  0%| F|  |TAMS 0x00000000b1c00000, 0x00000000b1c00000| Untracked 
| 797|0x00000000b1d00000, 0x00000000b1d00000, 0x00000000b1e00000|  0%| F|  |TAMS 0x00000000b1d00000, 0x00000000b1d00000| Untracked 
| 798|0x00000000b1e00000, 0x00000000b1e00000, 0x00000000b1f00000|  0%| F|  |TAMS 0x00000000b1e00000, 0x00000000b1e00000| Untracked 
| 799|0x00000000b1f00000, 0x00000000b1f00000, 0x00000000b2000000|  0%| F|  |TAMS 0x00000000b1f00000, 0x00000000b1f00000| Untracked 
| 800|0x00000000b2000000, 0x00000000b2000000, 0x00000000b2100000|  0%| F|  |TAMS 0x00000000b2000000, 0x00000000b2000000| Untracked 
| 801|0x00000000b2100000, 0x00000000b2100000, 0x00000000b2200000|  0%| F|  |TAMS 0x00000000b2100000, 0x00000000b2100000| Untracked 
| 802|0x00000000b2200000, 0x00000000b2200000, 0x00000000b2300000|  0%| F|  |TAMS 0x00000000b2200000, 0x00000000b2200000| Untracked 
| 803|0x00000000b2300000, 0x00000000b2300000, 0x00000000b2400000|  0%| F|  |TAMS 0x00000000b2300000, 0x00000000b2300000| Untracked 
| 804|0x00000000b2400000, 0x00000000b2400000, 0x00000000b2500000|  0%| F|  |TAMS 0x00000000b2400000, 0x00000000b2400000| Untracked 
| 805|0x00000000b2500000, 0x00000000b2500000, 0x00000000b2600000|  0%| F|  |TAMS 0x00000000b2500000, 0x00000000b2500000| Untracked 
| 806|0x00000000b2600000, 0x00000000b2600000, 0x00000000b2700000|  0%| F|  |TAMS 0x00000000b2600000, 0x00000000b2600000| Untracked 
| 807|0x00000000b2700000, 0x00000000b2700000, 0x00000000b2800000|  0%| F|  |TAMS 0x00000000b2700000, 0x00000000b2700000| Untracked 
| 808|0x00000000b2800000, 0x00000000b2800000, 0x00000000b2900000|  0%| F|  |TAMS 0x00000000b2800000, 0x00000000b2800000| Untracked 
| 809|0x00000000b2900000, 0x00000000b2900000, 0x00000000b2a00000|  0%| F|  |TAMS 0x00000000b2900000, 0x00000000b2900000| Untracked 
| 810|0x00000000b2a00000, 0x00000000b2a00000, 0x00000000b2b00000|  0%| F|  |TAMS 0x00000000b2a00000, 0x00000000b2a00000| Untracked 
| 811|0x00000000b2b00000, 0x00000000b2b00000, 0x00000000b2c00000|  0%| F|  |TAMS 0x00000000b2b00000, 0x00000000b2b00000| Untracked 
| 812|0x00000000b2c00000, 0x00000000b2c00000, 0x00000000b2d00000|  0%| F|  |TAMS 0x00000000b2c00000, 0x00000000b2c00000| Untracked 
| 813|0x00000000b2d00000, 0x00000000b2d00000, 0x00000000b2e00000|  0%| F|  |TAMS 0x00000000b2d00000, 0x00000000b2d00000| Untracked 
| 814|0x00000000b2e00000, 0x00000000b2e00000, 0x00000000b2f00000|  0%| F|  |TAMS 0x00000000b2e00000, 0x00000000b2e00000| Untracked 
| 815|0x00000000b2f00000, 0x00000000b2f00000, 0x00000000b3000000|  0%| F|  |TAMS 0x00000000b2f00000, 0x00000000b2f00000| Untracked 
| 816|0x00000000b3000000, 0x00000000b3000000, 0x00000000b3100000|  0%| F|  |TAMS 0x00000000b3000000, 0x00000000b3000000| Untracked 
| 817|0x00000000b3100000, 0x00000000b3100000, 0x00000000b3200000|  0%| F|  |TAMS 0x00000000b3100000, 0x00000000b3100000| Untracked 
| 818|0x00000000b3200000, 0x00000000b3200000, 0x00000000b3300000|  0%| F|  |TAMS 0x00000000b3200000, 0x00000000b3200000| Untracked 
| 819|0x00000000b3300000, 0x00000000b3300000, 0x00000000b3400000|  0%| F|  |TAMS 0x00000000b3300000, 0x00000000b3300000| Untracked 
| 820|0x00000000b3400000, 0x00000000b3400000, 0x00000000b3500000|  0%| F|  |TAMS 0x00000000b3400000, 0x00000000b3400000| Untracked 
| 821|0x00000000b3500000, 0x00000000b3500000, 0x00000000b3600000|  0%| F|  |TAMS 0x00000000b3500000, 0x00000000b3500000| Untracked 
| 822|0x00000000b3600000, 0x00000000b3600000, 0x00000000b3700000|  0%| F|  |TAMS 0x00000000b3600000, 0x00000000b3600000| Untracked 
| 823|0x00000000b3700000, 0x00000000b3700000, 0x00000000b3800000|  0%| F|  |TAMS 0x00000000b3700000, 0x00000000b3700000| Untracked 
| 824|0x00000000b3800000, 0x00000000b3800000, 0x00000000b3900000|  0%| F|  |TAMS 0x00000000b3800000, 0x00000000b3800000| Untracked 
| 825|0x00000000b3900000, 0x00000000b3900000, 0x00000000b3a00000|  0%| F|  |TAMS 0x00000000b3900000, 0x00000000b3900000| Untracked 
| 826|0x00000000b3a00000, 0x00000000b3a00000, 0x00000000b3b00000|  0%| F|  |TAMS 0x00000000b3a00000, 0x00000000b3a00000| Untracked 
| 827|0x00000000b3b00000, 0x00000000b3b00000, 0x00000000b3c00000|  0%| F|  |TAMS 0x00000000b3b00000, 0x00000000b3b00000| Untracked 
| 828|0x00000000b3c00000, 0x00000000b3c00000, 0x00000000b3d00000|  0%| F|  |TAMS 0x00000000b3c00000, 0x00000000b3c00000| Untracked 
| 829|0x00000000b3d00000, 0x00000000b3d00000, 0x00000000b3e00000|  0%| F|  |TAMS 0x00000000b3d00000, 0x00000000b3d00000| Untracked 
| 830|0x00000000b3e00000, 0x00000000b3e00000, 0x00000000b3f00000|  0%| F|  |TAMS 0x00000000b3e00000, 0x00000000b3e00000| Untracked 
| 831|0x00000000b3f00000, 0x00000000b3f00000, 0x00000000b4000000|  0%| F|  |TAMS 0x00000000b3f00000, 0x00000000b3f00000| Untracked 
| 832|0x00000000b4000000, 0x00000000b4000000, 0x00000000b4100000|  0%| F|  |TAMS 0x00000000b4000000, 0x00000000b4000000| Untracked 
| 833|0x00000000b4100000, 0x00000000b4100000, 0x00000000b4200000|  0%| F|  |TAMS 0x00000000b4100000, 0x00000000b4100000| Untracked 
| 834|0x00000000b4200000, 0x00000000b4200000, 0x00000000b4300000|  0%| F|  |TAMS 0x00000000b4200000, 0x00000000b4200000| Untracked 
| 835|0x00000000b4300000, 0x00000000b4300000, 0x00000000b4400000|  0%| F|  |TAMS 0x00000000b4300000, 0x00000000b4300000| Untracked 
| 836|0x00000000b4400000, 0x00000000b4400000, 0x00000000b4500000|  0%| F|  |TAMS 0x00000000b4400000, 0x00000000b4400000| Untracked 
| 837|0x00000000b4500000, 0x00000000b4500000, 0x00000000b4600000|  0%| F|  |TAMS 0x00000000b4500000, 0x00000000b4500000| Untracked 
| 838|0x00000000b4600000, 0x00000000b4600000, 0x00000000b4700000|  0%| F|  |TAMS 0x00000000b4600000, 0x00000000b4600000| Untracked 
| 839|0x00000000b4700000, 0x00000000b4700000, 0x00000000b4800000|  0%| F|  |TAMS 0x00000000b4700000, 0x00000000b4700000| Untracked 
| 840|0x00000000b4800000, 0x00000000b4800000, 0x00000000b4900000|  0%| F|  |TAMS 0x00000000b4800000, 0x00000000b4800000| Untracked 
| 841|0x00000000b4900000, 0x00000000b4900000, 0x00000000b4a00000|  0%| F|  |TAMS 0x00000000b4900000, 0x00000000b4900000| Untracked 
| 842|0x00000000b4a00000, 0x00000000b4a00000, 0x00000000b4b00000|  0%| F|  |TAMS 0x00000000b4a00000, 0x00000000b4a00000| Untracked 
| 843|0x00000000b4b00000, 0x00000000b4b00000, 0x00000000b4c00000|  0%| F|  |TAMS 0x00000000b4b00000, 0x00000000b4b00000| Untracked 
| 844|0x00000000b4c00000, 0x00000000b4c00000, 0x00000000b4d00000|  0%| F|  |TAMS 0x00000000b4c00000, 0x00000000b4c00000| Untracked 
| 845|0x00000000b4d00000, 0x00000000b4d00000, 0x00000000b4e00000|  0%| F|  |TAMS 0x00000000b4d00000, 0x00000000b4d00000| Untracked 
| 846|0x00000000b4e00000, 0x00000000b4e00000, 0x00000000b4f00000|  0%| F|  |TAMS 0x00000000b4e00000, 0x00000000b4e00000| Untracked 
| 847|0x00000000b4f00000, 0x00000000b4f00000, 0x00000000b5000000|  0%| F|  |TAMS 0x00000000b4f00000, 0x00000000b4f00000| Untracked 
| 848|0x00000000b5000000, 0x00000000b5000000, 0x00000000b5100000|  0%| F|  |TAMS 0x00000000b5000000, 0x00000000b5000000| Untracked 
| 849|0x00000000b5100000, 0x00000000b5100000, 0x00000000b5200000|  0%| F|  |TAMS 0x00000000b5100000, 0x00000000b5100000| Untracked 
| 850|0x00000000b5200000, 0x00000000b5200000, 0x00000000b5300000|  0%| F|  |TAMS 0x00000000b5200000, 0x00000000b5200000| Untracked 
| 851|0x00000000b5300000, 0x00000000b5300000, 0x00000000b5400000|  0%| F|  |TAMS 0x00000000b5300000, 0x00000000b5300000| Untracked 
| 852|0x00000000b5400000, 0x00000000b5400000, 0x00000000b5500000|  0%| F|  |TAMS 0x00000000b5400000, 0x00000000b5400000| Untracked 
| 853|0x00000000b5500000, 0x00000000b5500000, 0x00000000b5600000|  0%| F|  |TAMS 0x00000000b5500000, 0x00000000b5500000| Untracked 
| 854|0x00000000b5600000, 0x00000000b5600000, 0x00000000b5700000|  0%| F|  |TAMS 0x00000000b5600000, 0x00000000b5600000| Untracked 
| 855|0x00000000b5700000, 0x00000000b5700000, 0x00000000b5800000|  0%| F|  |TAMS 0x00000000b5700000, 0x00000000b5700000| Untracked 
| 856|0x00000000b5800000, 0x00000000b5800000, 0x00000000b5900000|  0%| F|  |TAMS 0x00000000b5800000, 0x00000000b5800000| Untracked 
| 857|0x00000000b5900000, 0x00000000b5900000, 0x00000000b5a00000|  0%| F|  |TAMS 0x00000000b5900000, 0x00000000b5900000| Untracked 
| 858|0x00000000b5a00000, 0x00000000b5a00000, 0x00000000b5b00000|  0%| F|  |TAMS 0x00000000b5a00000, 0x00000000b5a00000| Untracked 
| 859|0x00000000b5b00000, 0x00000000b5b00000, 0x00000000b5c00000|  0%| F|  |TAMS 0x00000000b5b00000, 0x00000000b5b00000| Untracked 
| 860|0x00000000b5c00000, 0x00000000b5c00000, 0x00000000b5d00000|  0%| F|  |TAMS 0x00000000b5c00000, 0x00000000b5c00000| Untracked 
| 861|0x00000000b5d00000, 0x00000000b5d00000, 0x00000000b5e00000|  0%| F|  |TAMS 0x00000000b5d00000, 0x00000000b5d00000| Untracked 
| 862|0x00000000b5e00000, 0x00000000b5e00000, 0x00000000b5f00000|  0%| F|  |TAMS 0x00000000b5e00000, 0x00000000b5e00000| Untracked 
| 863|0x00000000b5f00000, 0x00000000b5f00000, 0x00000000b6000000|  0%| F|  |TAMS 0x00000000b5f00000, 0x00000000b5f00000| Untracked 
| 864|0x00000000b6000000, 0x00000000b6000000, 0x00000000b6100000|  0%| F|  |TAMS 0x00000000b6000000, 0x00000000b6000000| Untracked 
| 865|0x00000000b6100000, 0x00000000b6100000, 0x00000000b6200000|  0%| F|  |TAMS 0x00000000b6100000, 0x00000000b6100000| Untracked 
| 866|0x00000000b6200000, 0x00000000b6200000, 0x00000000b6300000|  0%| F|  |TAMS 0x00000000b6200000, 0x00000000b6200000| Untracked 
| 867|0x00000000b6300000, 0x00000000b6300000, 0x00000000b6400000|  0%| F|  |TAMS 0x00000000b6300000, 0x00000000b6300000| Untracked 
| 868|0x00000000b6400000, 0x00000000b6400000, 0x00000000b6500000|  0%| F|  |TAMS 0x00000000b6400000, 0x00000000b6400000| Untracked 
| 869|0x00000000b6500000, 0x00000000b6500000, 0x00000000b6600000|  0%| F|  |TAMS 0x00000000b6500000, 0x00000000b6500000| Untracked 
| 870|0x00000000b6600000, 0x00000000b6600000, 0x00000000b6700000|  0%| F|  |TAMS 0x00000000b6600000, 0x00000000b6600000| Untracked 
| 871|0x00000000b6700000, 0x00000000b6700000, 0x00000000b6800000|  0%| F|  |TAMS 0x00000000b6700000, 0x00000000b6700000| Untracked 
| 872|0x00000000b6800000, 0x00000000b6800000, 0x00000000b6900000|  0%| F|  |TAMS 0x00000000b6800000, 0x00000000b6800000| Untracked 
| 873|0x00000000b6900000, 0x00000000b6900000, 0x00000000b6a00000|  0%| F|  |TAMS 0x00000000b6900000, 0x00000000b6900000| Untracked 
| 874|0x00000000b6a00000, 0x00000000b6a00000, 0x00000000b6b00000|  0%| F|  |TAMS 0x00000000b6a00000, 0x00000000b6a00000| Untracked 
| 875|0x00000000b6b00000, 0x00000000b6b00000, 0x00000000b6c00000|  0%| F|  |TAMS 0x00000000b6b00000, 0x00000000b6b00000| Untracked 
| 876|0x00000000b6c00000, 0x00000000b6c00000, 0x00000000b6d00000|  0%| F|  |TAMS 0x00000000b6c00000, 0x00000000b6c00000| Untracked 
| 877|0x00000000b6d00000, 0x00000000b6d00000, 0x00000000b6e00000|  0%| F|  |TAMS 0x00000000b6d00000, 0x00000000b6d00000| Untracked 
| 878|0x00000000b6e00000, 0x00000000b6e00000, 0x00000000b6f00000|  0%| F|  |TAMS 0x00000000b6e00000, 0x00000000b6e00000| Untracked 
| 879|0x00000000b6f00000, 0x00000000b6f00000, 0x00000000b7000000|  0%| F|  |TAMS 0x00000000b6f00000, 0x00000000b6f00000| Untracked 
| 880|0x00000000b7000000, 0x00000000b7000000, 0x00000000b7100000|  0%| F|  |TAMS 0x00000000b7000000, 0x00000000b7000000| Untracked 
| 881|0x00000000b7100000, 0x00000000b7100000, 0x00000000b7200000|  0%| F|  |TAMS 0x00000000b7100000, 0x00000000b7100000| Untracked 
| 882|0x00000000b7200000, 0x00000000b7200000, 0x00000000b7300000|  0%| F|  |TAMS 0x00000000b7200000, 0x00000000b7200000| Untracked 
| 883|0x00000000b7300000, 0x00000000b7300000, 0x00000000b7400000|  0%| F|  |TAMS 0x00000000b7300000, 0x00000000b7300000| Untracked 
| 884|0x00000000b7400000, 0x00000000b7400000, 0x00000000b7500000|  0%| F|  |TAMS 0x00000000b7400000, 0x00000000b7400000| Untracked 
| 885|0x00000000b7500000, 0x00000000b7500000, 0x00000000b7600000|  0%| F|  |TAMS 0x00000000b7500000, 0x00000000b7500000| Untracked 
| 886|0x00000000b7600000, 0x00000000b7600000, 0x00000000b7700000|  0%| F|  |TAMS 0x00000000b7600000, 0x00000000b7600000| Untracked 
| 887|0x00000000b7700000, 0x00000000b7700000, 0x00000000b7800000|  0%| F|  |TAMS 0x00000000b7700000, 0x00000000b7700000| Untracked 
| 888|0x00000000b7800000, 0x00000000b7800000, 0x00000000b7900000|  0%| F|  |TAMS 0x00000000b7800000, 0x00000000b7800000| Untracked 
| 889|0x00000000b7900000, 0x00000000b7900000, 0x00000000b7a00000|  0%| F|  |TAMS 0x00000000b7900000, 0x00000000b7900000| Untracked 
| 890|0x00000000b7a00000, 0x00000000b7a00000, 0x00000000b7b00000|  0%| F|  |TAMS 0x00000000b7a00000, 0x00000000b7a00000| Untracked 
| 891|0x00000000b7b00000, 0x00000000b7b00000, 0x00000000b7c00000|  0%| F|  |TAMS 0x00000000b7b00000, 0x00000000b7b00000| Untracked 
| 892|0x00000000b7c00000, 0x00000000b7c00000, 0x00000000b7d00000|  0%| F|  |TAMS 0x00000000b7c00000, 0x00000000b7c00000| Untracked 
| 893|0x00000000b7d00000, 0x00000000b7d00000, 0x00000000b7e00000|  0%| F|  |TAMS 0x00000000b7d00000, 0x00000000b7d00000| Untracked 
| 894|0x00000000b7e00000, 0x00000000b7e00000, 0x00000000b7f00000|  0%| F|  |TAMS 0x00000000b7e00000, 0x00000000b7e00000| Untracked 
| 895|0x00000000b7f00000, 0x00000000b7f00000, 0x00000000b8000000|  0%| F|  |TAMS 0x00000000b7f00000, 0x00000000b7f00000| Untracked 
| 896|0x00000000b8000000, 0x00000000b8000000, 0x00000000b8100000|  0%| F|  |TAMS 0x00000000b8000000, 0x00000000b8000000| Untracked 
| 897|0x00000000b8100000, 0x00000000b8100000, 0x00000000b8200000|  0%| F|  |TAMS 0x00000000b8100000, 0x00000000b8100000| Untracked 
| 898|0x00000000b8200000, 0x00000000b8200000, 0x00000000b8300000|  0%| F|  |TAMS 0x00000000b8200000, 0x00000000b8200000| Untracked 
| 899|0x00000000b8300000, 0x00000000b8300000, 0x00000000b8400000|  0%| F|  |TAMS 0x00000000b8300000, 0x00000000b8300000| Untracked 
| 900|0x00000000b8400000, 0x00000000b8400000, 0x00000000b8500000|  0%| F|  |TAMS 0x00000000b8400000, 0x00000000b8400000| Untracked 
| 901|0x00000000b8500000, 0x00000000b8500000, 0x00000000b8600000|  0%| F|  |TAMS 0x00000000b8500000, 0x00000000b8500000| Untracked 
| 902|0x00000000b8600000, 0x00000000b8600000, 0x00000000b8700000|  0%| F|  |TAMS 0x00000000b8600000, 0x00000000b8600000| Untracked 
| 903|0x00000000b8700000, 0x00000000b8700000, 0x00000000b8800000|  0%| F|  |TAMS 0x00000000b8700000, 0x00000000b8700000| Untracked 
| 904|0x00000000b8800000, 0x00000000b8800000, 0x00000000b8900000|  0%| F|  |TAMS 0x00000000b8800000, 0x00000000b8800000| Untracked 
| 905|0x00000000b8900000, 0x00000000b8900000, 0x00000000b8a00000|  0%| F|  |TAMS 0x00000000b8900000, 0x00000000b8900000| Untracked 
| 906|0x00000000b8a00000, 0x00000000b8a00000, 0x00000000b8b00000|  0%| F|  |TAMS 0x00000000b8a00000, 0x00000000b8a00000| Untracked 
| 907|0x00000000b8b00000, 0x00000000b8b00000, 0x00000000b8c00000|  0%| F|  |TAMS 0x00000000b8b00000, 0x00000000b8b00000| Untracked 
| 908|0x00000000b8c00000, 0x00000000b8c00000, 0x00000000b8d00000|  0%| F|  |TAMS 0x00000000b8c00000, 0x00000000b8c00000| Untracked 
| 909|0x00000000b8d00000, 0x00000000b8d00000, 0x00000000b8e00000|  0%| F|  |TAMS 0x00000000b8d00000, 0x00000000b8d00000| Untracked 
| 910|0x00000000b8e00000, 0x00000000b8e00000, 0x00000000b8f00000|  0%| F|  |TAMS 0x00000000b8e00000, 0x00000000b8e00000| Untracked 
| 911|0x00000000b8f00000, 0x00000000b8f00000, 0x00000000b9000000|  0%| F|  |TAMS 0x00000000b8f00000, 0x00000000b8f00000| Untracked 
| 912|0x00000000b9000000, 0x00000000b9000000, 0x00000000b9100000|  0%| F|  |TAMS 0x00000000b9000000, 0x00000000b9000000| Untracked 
| 913|0x00000000b9100000, 0x00000000b9100000, 0x00000000b9200000|  0%| F|  |TAMS 0x00000000b9100000, 0x00000000b9100000| Untracked 
| 914|0x00000000b9200000, 0x00000000b9200000, 0x00000000b9300000|  0%| F|  |TAMS 0x00000000b9200000, 0x00000000b9200000| Untracked 
| 915|0x00000000b9300000, 0x00000000b9300000, 0x00000000b9400000|  0%| F|  |TAMS 0x00000000b9300000, 0x00000000b9300000| Untracked 
| 916|0x00000000b9400000, 0x00000000b9400000, 0x00000000b9500000|  0%| F|  |TAMS 0x00000000b9400000, 0x00000000b9400000| Untracked 
| 917|0x00000000b9500000, 0x00000000b9500000, 0x00000000b9600000|  0%| F|  |TAMS 0x00000000b9500000, 0x00000000b9500000| Untracked 
| 918|0x00000000b9600000, 0x00000000b9600000, 0x00000000b9700000|  0%| F|  |TAMS 0x00000000b9600000, 0x00000000b9600000| Untracked 
| 919|0x00000000b9700000, 0x00000000b9700000, 0x00000000b9800000|  0%| F|  |TAMS 0x00000000b9700000, 0x00000000b9700000| Untracked 
| 920|0x00000000b9800000, 0x00000000b9800000, 0x00000000b9900000|  0%| F|  |TAMS 0x00000000b9800000, 0x00000000b9800000| Untracked 
| 921|0x00000000b9900000, 0x00000000b9900000, 0x00000000b9a00000|  0%| F|  |TAMS 0x00000000b9900000, 0x00000000b9900000| Untracked 
| 922|0x00000000b9a00000, 0x00000000b9a00000, 0x00000000b9b00000|  0%| F|  |TAMS 0x00000000b9a00000, 0x00000000b9a00000| Untracked 
| 923|0x00000000b9b00000, 0x00000000b9b00000, 0x00000000b9c00000|  0%| F|  |TAMS 0x00000000b9b00000, 0x00000000b9b00000| Untracked 
| 924|0x00000000b9c00000, 0x00000000b9c00000, 0x00000000b9d00000|  0%| F|  |TAMS 0x00000000b9c00000, 0x00000000b9c00000| Untracked 
| 925|0x00000000b9d00000, 0x00000000b9d00000, 0x00000000b9e00000|  0%| F|  |TAMS 0x00000000b9d00000, 0x00000000b9d00000| Untracked 
| 926|0x00000000b9e00000, 0x00000000b9e00000, 0x00000000b9f00000|  0%| F|  |TAMS 0x00000000b9e00000, 0x00000000b9e00000| Untracked 
| 927|0x00000000b9f00000, 0x00000000b9f00000, 0x00000000ba000000|  0%| F|  |TAMS 0x00000000b9f00000, 0x00000000b9f00000| Untracked 
| 928|0x00000000ba000000, 0x00000000ba000000, 0x00000000ba100000|  0%| F|  |TAMS 0x00000000ba000000, 0x00000000ba000000| Untracked 
| 929|0x00000000ba100000, 0x00000000ba100000, 0x00000000ba200000|  0%| F|  |TAMS 0x00000000ba100000, 0x00000000ba100000| Untracked 
| 930|0x00000000ba200000, 0x00000000ba200000, 0x00000000ba300000|  0%| F|  |TAMS 0x00000000ba200000, 0x00000000ba200000| Untracked 
| 931|0x00000000ba300000, 0x00000000ba300000, 0x00000000ba400000|  0%| F|  |TAMS 0x00000000ba300000, 0x00000000ba300000| Untracked 
| 932|0x00000000ba400000, 0x00000000ba400000, 0x00000000ba500000|  0%| F|  |TAMS 0x00000000ba400000, 0x00000000ba400000| Untracked 
| 933|0x00000000ba500000, 0x00000000ba500000, 0x00000000ba600000|  0%| F|  |TAMS 0x00000000ba500000, 0x00000000ba500000| Untracked 
| 934|0x00000000ba600000, 0x00000000ba600000, 0x00000000ba700000|  0%| F|  |TAMS 0x00000000ba600000, 0x00000000ba600000| Untracked 
| 935|0x00000000ba700000, 0x00000000ba700000, 0x00000000ba800000|  0%| F|  |TAMS 0x00000000ba700000, 0x00000000ba700000| Untracked 
| 936|0x00000000ba800000, 0x00000000ba800000, 0x00000000ba900000|  0%| F|  |TAMS 0x00000000ba800000, 0x00000000ba800000| Untracked 
| 937|0x00000000ba900000, 0x00000000ba900000, 0x00000000baa00000|  0%| F|  |TAMS 0x00000000ba900000, 0x00000000ba900000| Untracked 
| 938|0x00000000baa00000, 0x00000000baa00000, 0x00000000bab00000|  0%| F|  |TAMS 0x00000000baa00000, 0x00000000baa00000| Untracked 
| 939|0x00000000bab00000, 0x00000000bab00000, 0x00000000bac00000|  0%| F|  |TAMS 0x00000000bab00000, 0x00000000bab00000| Untracked 
| 940|0x00000000bac00000, 0x00000000bac00000, 0x00000000bad00000|  0%| F|  |TAMS 0x00000000bac00000, 0x00000000bac00000| Untracked 
| 941|0x00000000bad00000, 0x00000000bad00000, 0x00000000bae00000|  0%| F|  |TAMS 0x00000000bad00000, 0x00000000bad00000| Untracked 
| 942|0x00000000bae00000, 0x00000000bae00000, 0x00000000baf00000|  0%| F|  |TAMS 0x00000000bae00000, 0x00000000bae00000| Untracked 
| 943|0x00000000baf00000, 0x00000000baf00000, 0x00000000bb000000|  0%| F|  |TAMS 0x00000000baf00000, 0x00000000baf00000| Untracked 
| 944|0x00000000bb000000, 0x00000000bb000000, 0x00000000bb100000|  0%| F|  |TAMS 0x00000000bb000000, 0x00000000bb000000| Untracked 
| 945|0x00000000bb100000, 0x00000000bb100000, 0x00000000bb200000|  0%| F|  |TAMS 0x00000000bb100000, 0x00000000bb100000| Untracked 
| 946|0x00000000bb200000, 0x00000000bb200000, 0x00000000bb300000|  0%| F|  |TAMS 0x00000000bb200000, 0x00000000bb200000| Untracked 
| 947|0x00000000bb300000, 0x00000000bb300000, 0x00000000bb400000|  0%| F|  |TAMS 0x00000000bb300000, 0x00000000bb300000| Untracked 
| 948|0x00000000bb400000, 0x00000000bb400000, 0x00000000bb500000|  0%| F|  |TAMS 0x00000000bb400000, 0x00000000bb400000| Untracked 
| 949|0x00000000bb500000, 0x00000000bb500000, 0x00000000bb600000|  0%| F|  |TAMS 0x00000000bb500000, 0x00000000bb500000| Untracked 
| 950|0x00000000bb600000, 0x00000000bb600000, 0x00000000bb700000|  0%| F|  |TAMS 0x00000000bb600000, 0x00000000bb600000| Untracked 
| 951|0x00000000bb700000, 0x00000000bb700000, 0x00000000bb800000|  0%| F|  |TAMS 0x00000000bb700000, 0x00000000bb700000| Untracked 
| 952|0x00000000bb800000, 0x00000000bb800000, 0x00000000bb900000|  0%| F|  |TAMS 0x00000000bb800000, 0x00000000bb800000| Untracked 
| 953|0x00000000bb900000, 0x00000000bb900000, 0x00000000bba00000|  0%| F|  |TAMS 0x00000000bb900000, 0x00000000bb900000| Untracked 
| 954|0x00000000bba00000, 0x00000000bba00000, 0x00000000bbb00000|  0%| F|  |TAMS 0x00000000bba00000, 0x00000000bba00000| Untracked 
| 955|0x00000000bbb00000, 0x00000000bbb00000, 0x00000000bbc00000|  0%| F|  |TAMS 0x00000000bbb00000, 0x00000000bbb00000| Untracked 
| 956|0x00000000bbc00000, 0x00000000bbc00000, 0x00000000bbd00000|  0%| F|  |TAMS 0x00000000bbc00000, 0x00000000bbc00000| Untracked 
| 957|0x00000000bbd00000, 0x00000000bbd00000, 0x00000000bbe00000|  0%| F|  |TAMS 0x00000000bbd00000, 0x00000000bbd00000| Untracked 
| 958|0x00000000bbe00000, 0x00000000bbe00000, 0x00000000bbf00000|  0%| F|  |TAMS 0x00000000bbe00000, 0x00000000bbe00000| Untracked 
| 959|0x00000000bbf00000, 0x00000000bbf00000, 0x00000000bc000000|  0%| F|  |TAMS 0x00000000bbf00000, 0x00000000bbf00000| Untracked 
| 960|0x00000000bc000000, 0x00000000bc000000, 0x00000000bc100000|  0%| F|  |TAMS 0x00000000bc000000, 0x00000000bc000000| Untracked 
| 961|0x00000000bc100000, 0x00000000bc100000, 0x00000000bc200000|  0%| F|  |TAMS 0x00000000bc100000, 0x00000000bc100000| Untracked 
| 962|0x00000000bc200000, 0x00000000bc200000, 0x00000000bc300000|  0%| F|  |TAMS 0x00000000bc200000, 0x00000000bc200000| Untracked 
| 963|0x00000000bc300000, 0x00000000bc300000, 0x00000000bc400000|  0%| F|  |TAMS 0x00000000bc300000, 0x00000000bc300000| Untracked 
| 964|0x00000000bc400000, 0x00000000bc400000, 0x00000000bc500000|  0%| F|  |TAMS 0x00000000bc400000, 0x00000000bc400000| Untracked 
| 965|0x00000000bc500000, 0x00000000bc500000, 0x00000000bc600000|  0%| F|  |TAMS 0x00000000bc500000, 0x00000000bc500000| Untracked 
| 966|0x00000000bc600000, 0x00000000bc600000, 0x00000000bc700000|  0%| F|  |TAMS 0x00000000bc600000, 0x00000000bc600000| Untracked 
| 967|0x00000000bc700000, 0x00000000bc700000, 0x00000000bc800000|  0%| F|  |TAMS 0x00000000bc700000, 0x00000000bc700000| Untracked 
| 968|0x00000000bc800000, 0x00000000bc800000, 0x00000000bc900000|  0%| F|  |TAMS 0x00000000bc800000, 0x00000000bc800000| Untracked 
| 969|0x00000000bc900000, 0x00000000bc900000, 0x00000000bca00000|  0%| F|  |TAMS 0x00000000bc900000, 0x00000000bc900000| Untracked 
| 970|0x00000000bca00000, 0x00000000bca00000, 0x00000000bcb00000|  0%| F|  |TAMS 0x00000000bca00000, 0x00000000bca00000| Untracked 
| 971|0x00000000bcb00000, 0x00000000bcb00000, 0x00000000bcc00000|  0%| F|  |TAMS 0x00000000bcb00000, 0x00000000bcb00000| Untracked 
| 972|0x00000000bcc00000, 0x00000000bcc00000, 0x00000000bcd00000|  0%| F|  |TAMS 0x00000000bcc00000, 0x00000000bcc00000| Untracked 
| 973|0x00000000bcd00000, 0x00000000bcd00000, 0x00000000bce00000|  0%| F|  |TAMS 0x00000000bcd00000, 0x00000000bcd00000| Untracked 
| 974|0x00000000bce00000, 0x00000000bce00000, 0x00000000bcf00000|  0%| F|  |TAMS 0x00000000bce00000, 0x00000000bce00000| Untracked 
| 975|0x00000000bcf00000, 0x00000000bcf00000, 0x00000000bd000000|  0%| F|  |TAMS 0x00000000bcf00000, 0x00000000bcf00000| Untracked 
| 976|0x00000000bd000000, 0x00000000bd000000, 0x00000000bd100000|  0%| F|  |TAMS 0x00000000bd000000, 0x00000000bd000000| Untracked 
| 977|0x00000000bd100000, 0x00000000bd100000, 0x00000000bd200000|  0%| F|  |TAMS 0x00000000bd100000, 0x00000000bd100000| Untracked 
| 978|0x00000000bd200000, 0x00000000bd200000, 0x00000000bd300000|  0%| F|  |TAMS 0x00000000bd200000, 0x00000000bd200000| Untracked 
| 979|0x00000000bd300000, 0x00000000bd300000, 0x00000000bd400000|  0%| F|  |TAMS 0x00000000bd300000, 0x00000000bd300000| Untracked 
| 980|0x00000000bd400000, 0x00000000bd400000, 0x00000000bd500000|  0%| F|  |TAMS 0x00000000bd400000, 0x00000000bd400000| Untracked 
| 981|0x00000000bd500000, 0x00000000bd500000, 0x00000000bd600000|  0%| F|  |TAMS 0x00000000bd500000, 0x00000000bd500000| Untracked 
| 982|0x00000000bd600000, 0x00000000bd600000, 0x00000000bd700000|  0%| F|  |TAMS 0x00000000bd600000, 0x00000000bd600000| Untracked 
| 983|0x00000000bd700000, 0x00000000bd700000, 0x00000000bd800000|  0%| F|  |TAMS 0x00000000bd700000, 0x00000000bd700000| Untracked 
| 984|0x00000000bd800000, 0x00000000bd800000, 0x00000000bd900000|  0%| F|  |TAMS 0x00000000bd800000, 0x00000000bd800000| Untracked 
| 985|0x00000000bd900000, 0x00000000bd900000, 0x00000000bda00000|  0%| F|  |TAMS 0x00000000bd900000, 0x00000000bd900000| Untracked 
| 986|0x00000000bda00000, 0x00000000bda00000, 0x00000000bdb00000|  0%| F|  |TAMS 0x00000000bda00000, 0x00000000bda00000| Untracked 
| 987|0x00000000bdb00000, 0x00000000bdb00000, 0x00000000bdc00000|  0%| F|  |TAMS 0x00000000bdb00000, 0x00000000bdb00000| Untracked 
| 988|0x00000000bdc00000, 0x00000000bdc00000, 0x00000000bdd00000|  0%| F|  |TAMS 0x00000000bdc00000, 0x00000000bdc00000| Untracked 
| 989|0x00000000bdd00000, 0x00000000bdd00000, 0x00000000bde00000|  0%| F|  |TAMS 0x00000000bdd00000, 0x00000000bdd00000| Untracked 
| 990|0x00000000bde00000, 0x00000000bde00000, 0x00000000bdf00000|  0%| F|  |TAMS 0x00000000bde00000, 0x00000000bde00000| Untracked 
| 991|0x00000000bdf00000, 0x00000000bdf00000, 0x00000000be000000|  0%| F|  |TAMS 0x00000000bdf00000, 0x00000000bdf00000| Untracked 
| 992|0x00000000be000000, 0x00000000be000000, 0x00000000be100000|  0%| F|  |TAMS 0x00000000be000000, 0x00000000be000000| Untracked 
| 993|0x00000000be100000, 0x00000000be100000, 0x00000000be200000|  0%| F|  |TAMS 0x00000000be100000, 0x00000000be100000| Untracked 
| 994|0x00000000be200000, 0x00000000be200000, 0x00000000be300000|  0%| F|  |TAMS 0x00000000be200000, 0x00000000be200000| Untracked 
| 995|0x00000000be300000, 0x00000000be300000, 0x00000000be400000|  0%| F|  |TAMS 0x00000000be300000, 0x00000000be300000| Untracked 
| 996|0x00000000be400000, 0x00000000be400000, 0x00000000be500000|  0%| F|  |TAMS 0x00000000be400000, 0x00000000be400000| Untracked 
| 997|0x00000000be500000, 0x00000000be500000, 0x00000000be600000|  0%| F|  |TAMS 0x00000000be500000, 0x00000000be500000| Untracked 
| 998|0x00000000be600000, 0x00000000be600000, 0x00000000be700000|  0%| F|  |TAMS 0x00000000be600000, 0x00000000be600000| Untracked 
| 999|0x00000000be700000, 0x00000000be700000, 0x00000000be800000|  0%| F|  |TAMS 0x00000000be700000, 0x00000000be700000| Untracked 
|1000|0x00000000be800000, 0x00000000be800000, 0x00000000be900000|  0%| F|  |TAMS 0x00000000be800000, 0x00000000be800000| Untracked 
|1001|0x00000000be900000, 0x00000000be900000, 0x00000000bea00000|  0%| F|  |TAMS 0x00000000be900000, 0x00000000be900000| Untracked 
|1002|0x00000000bea00000, 0x00000000bea00000, 0x00000000beb00000|  0%| F|  |TAMS 0x00000000bea00000, 0x00000000bea00000| Untracked 
|1003|0x00000000beb00000, 0x00000000beb00000, 0x00000000bec00000|  0%| F|  |TAMS 0x00000000beb00000, 0x00000000beb00000| Untracked 
|1004|0x00000000bec00000, 0x00000000bec00000, 0x00000000bed00000|  0%| F|  |TAMS 0x00000000bec00000, 0x00000000bec00000| Untracked 
|1005|0x00000000bed00000, 0x00000000bed00000, 0x00000000bee00000|  0%| F|  |TAMS 0x00000000bed00000, 0x00000000bed00000| Untracked 
|1006|0x00000000bee00000, 0x00000000bee00000, 0x00000000bef00000|  0%| F|  |TAMS 0x00000000bee00000, 0x00000000bee00000| Untracked 
|1007|0x00000000bef00000, 0x00000000bef00000, 0x00000000bf000000|  0%| F|  |TAMS 0x00000000bef00000, 0x00000000bef00000| Untracked 
|1008|0x00000000bf000000, 0x00000000bf000000, 0x00000000bf100000|  0%| F|  |TAMS 0x00000000bf000000, 0x00000000bf000000| Untracked 
|1009|0x00000000bf100000, 0x00000000bf100000, 0x00000000bf200000|  0%| F|  |TAMS 0x00000000bf100000, 0x00000000bf100000| Untracked 
|1010|0x00000000bf200000, 0x00000000bf200000, 0x00000000bf300000|  0%| F|  |TAMS 0x00000000bf200000, 0x00000000bf200000| Untracked 
|1011|0x00000000bf300000, 0x00000000bf300000, 0x00000000bf400000|  0%| F|  |TAMS 0x00000000bf300000, 0x00000000bf300000| Untracked 
|1012|0x00000000bf400000, 0x00000000bf400000, 0x00000000bf500000|  0%| F|  |TAMS 0x00000000bf400000, 0x00000000bf400000| Untracked 
|1013|0x00000000bf500000, 0x00000000bf500000, 0x00000000bf600000|  0%| F|  |TAMS 0x00000000bf500000, 0x00000000bf500000| Untracked 
|1014|0x00000000bf600000, 0x00000000bf600000, 0x00000000bf700000|  0%| F|  |TAMS 0x00000000bf600000, 0x00000000bf600000| Untracked 
|1015|0x00000000bf700000, 0x00000000bf700000, 0x00000000bf800000|  0%| F|  |TAMS 0x00000000bf700000, 0x00000000bf700000| Untracked 
|1016|0x00000000bf800000, 0x00000000bf800000, 0x00000000bf900000|  0%| F|  |TAMS 0x00000000bf800000, 0x00000000bf800000| Untracked 
|1017|0x00000000bf900000, 0x00000000bf900000, 0x00000000bfa00000|  0%| F|  |TAMS 0x00000000bf900000, 0x00000000bf900000| Untracked 
|1018|0x00000000bfa00000, 0x00000000bfa00000, 0x00000000bfb00000|  0%| F|  |TAMS 0x00000000bfa00000, 0x00000000bfa00000| Untracked 
|1019|0x00000000bfb00000, 0x00000000bfb00000, 0x00000000bfc00000|  0%| F|  |TAMS 0x00000000bfb00000, 0x00000000bfb00000| Untracked 
|1020|0x00000000bfc00000, 0x00000000bfc00000, 0x00000000bfd00000|  0%| F|  |TAMS 0x00000000bfc00000, 0x00000000bfc00000| Untracked 
|1021|0x00000000bfd00000, 0x00000000bfd80000, 0x00000000bfe00000| 50%| E|  |TAMS 0x00000000bfd00000, 0x00000000bfd00000| Complete 
|1022|0x00000000bfe00000, 0x00000000bff00000, 0x00000000bff00000|100%| E|CS|TAMS 0x00000000bfe00000, 0x00000000bfe00000| Complete 
|1023|0x00000000bff00000, 0x00000000c0000000, 0x00000000c0000000|100%| E|CS|TAMS 0x00000000bff00000, 0x00000000bff00000| Complete 
|1024|0x00000000c0000000, 0x00000000c0100000, 0x00000000c0100000|100%| E|CS|TAMS 0x00000000c0000000, 0x00000000c0000000| Complete 
|1025|0x00000000c0100000, 0x00000000c0200000, 0x00000000c0200000|100%| E|CS|TAMS 0x00000000c0100000, 0x00000000c0100000| Complete 
|1026|0x00000000c0200000, 0x00000000c0300000, 0x00000000c0300000|100%| E|CS|TAMS 0x00000000c0200000, 0x00000000c0200000| Complete 
|1027|0x00000000c0300000, 0x00000000c0400000, 0x00000000c0400000|100%| E|CS|TAMS 0x00000000c0300000, 0x00000000c0300000| Complete 
|1028|0x00000000c0400000, 0x00000000c0500000, 0x00000000c0500000|100%| E|CS|TAMS 0x00000000c0400000, 0x00000000c0400000| Complete 
|1029|0x00000000c0500000, 0x00000000c0600000, 0x00000000c0600000|100%| E|CS|TAMS 0x00000000c0500000, 0x00000000c0500000| Complete 
|1030|0x00000000c0600000, 0x00000000c0700000, 0x00000000c0700000|100%| E|CS|TAMS 0x00000000c0600000, 0x00000000c0600000| Complete 
|1031|0x00000000c0700000, 0x00000000c0800000, 0x00000000c0800000|100%| E|CS|TAMS 0x00000000c0700000, 0x00000000c0700000| Complete 
|1032|0x00000000c0800000, 0x00000000c0900000, 0x00000000c0900000|100%| E|CS|TAMS 0x00000000c0800000, 0x00000000c0800000| Complete 
|1033|0x00000000c0900000, 0x00000000c0a00000, 0x00000000c0a00000|100%| E|CS|TAMS 0x00000000c0900000, 0x00000000c0900000| Complete 
|1034|0x00000000c0a00000, 0x00000000c0b00000, 0x00000000c0b00000|100%| E|CS|TAMS 0x00000000c0a00000, 0x00000000c0a00000| Complete 
|1035|0x00000000c0b00000, 0x00000000c0c00000, 0x00000000c0c00000|100%| E|CS|TAMS 0x00000000c0b00000, 0x00000000c0b00000| Complete 
|1036|0x00000000c0c00000, 0x00000000c0d00000, 0x00000000c0d00000|100%| E|CS|TAMS 0x00000000c0c00000, 0x00000000c0c00000| Complete 
|1037|0x00000000c0d00000, 0x00000000c0e00000, 0x00000000c0e00000|100%| E|CS|TAMS 0x00000000c0d00000, 0x00000000c0d00000| Complete 
|1038|0x00000000c0e00000, 0x00000000c0f00000, 0x00000000c0f00000|100%| E|CS|TAMS 0x00000000c0e00000, 0x00000000c0e00000| Complete 
|1039|0x00000000c0f00000, 0x00000000c1000000, 0x00000000c1000000|100%| E|CS|TAMS 0x00000000c0f00000, 0x00000000c0f00000| Complete 
|1040|0x00000000c1000000, 0x00000000c1100000, 0x00000000c1100000|100%| E|CS|TAMS 0x00000000c1000000, 0x00000000c1000000| Complete 
|1041|0x00000000c1100000, 0x00000000c1200000, 0x00000000c1200000|100%| E|CS|TAMS 0x00000000c1100000, 0x00000000c1100000| Complete 
|1042|0x00000000c1200000, 0x00000000c1300000, 0x00000000c1300000|100%| E|CS|TAMS 0x00000000c1200000, 0x00000000c1200000| Complete 
|1043|0x00000000c1300000, 0x00000000c1400000, 0x00000000c1400000|100%| E|CS|TAMS 0x00000000c1300000, 0x00000000c1300000| Complete 
|1044|0x00000000c1400000, 0x00000000c1500000, 0x00000000c1500000|100%| E|CS|TAMS 0x00000000c1400000, 0x00000000c1400000| Complete 
|1045|0x00000000c1500000, 0x00000000c1600000, 0x00000000c1600000|100%| E|CS|TAMS 0x00000000c1500000, 0x00000000c1500000| Complete 
|1046|0x00000000c1600000, 0x00000000c1700000, 0x00000000c1700000|100%| E|CS|TAMS 0x00000000c1600000, 0x00000000c1600000| Complete 
|1047|0x00000000c1700000, 0x00000000c1800000, 0x00000000c1800000|100%| E|CS|TAMS 0x00000000c1700000, 0x00000000c1700000| Complete 
|1048|0x00000000c1800000, 0x00000000c1900000, 0x00000000c1900000|100%| E|CS|TAMS 0x00000000c1800000, 0x00000000c1800000| Complete 
|1049|0x00000000c1900000, 0x00000000c1a00000, 0x00000000c1a00000|100%| E|CS|TAMS 0x00000000c1900000, 0x00000000c1900000| Complete 
|1050|0x00000000c1a00000, 0x00000000c1b00000, 0x00000000c1b00000|100%| E|CS|TAMS 0x00000000c1a00000, 0x00000000c1a00000| Complete 
|1051|0x00000000c1b00000, 0x00000000c1c00000, 0x00000000c1c00000|100%| E|CS|TAMS 0x00000000c1b00000, 0x00000000c1b00000| Complete 
|1052|0x00000000c1c00000, 0x00000000c1d00000, 0x00000000c1d00000|100%| E|CS|TAMS 0x00000000c1c00000, 0x00000000c1c00000| Complete 
|1053|0x00000000c1d00000, 0x00000000c1e00000, 0x00000000c1e00000|100%| E|CS|TAMS 0x00000000c1d00000, 0x00000000c1d00000| Complete 
|1054|0x00000000c1e00000, 0x00000000c1f00000, 0x00000000c1f00000|100%| E|CS|TAMS 0x00000000c1e00000, 0x00000000c1e00000| Complete 
|1055|0x00000000c1f00000, 0x00000000c2000000, 0x00000000c2000000|100%| E|CS|TAMS 0x00000000c1f00000, 0x00000000c1f00000| Complete 
|1056|0x00000000c2000000, 0x00000000c2100000, 0x00000000c2100000|100%| E|CS|TAMS 0x00000000c2000000, 0x00000000c2000000| Complete 
|1057|0x00000000c2100000, 0x00000000c2200000, 0x00000000c2200000|100%| E|CS|TAMS 0x00000000c2100000, 0x00000000c2100000| Complete 
|1058|0x00000000c2200000, 0x00000000c2300000, 0x00000000c2300000|100%| E|CS|TAMS 0x00000000c2200000, 0x00000000c2200000| Complete 
|1059|0x00000000c2300000, 0x00000000c2400000, 0x00000000c2400000|100%| E|CS|TAMS 0x00000000c2300000, 0x00000000c2300000| Complete 
|1060|0x00000000c2400000, 0x00000000c2500000, 0x00000000c2500000|100%| E|CS|TAMS 0x00000000c2400000, 0x00000000c2400000| Complete 
|1061|0x00000000c2500000, 0x00000000c2600000, 0x00000000c2600000|100%| E|CS|TAMS 0x00000000c2500000, 0x00000000c2500000| Complete 
|1062|0x00000000c2600000, 0x00000000c2700000, 0x00000000c2700000|100%| E|CS|TAMS 0x00000000c2600000, 0x00000000c2600000| Complete 
|1063|0x00000000c2700000, 0x00000000c2800000, 0x00000000c2800000|100%| E|CS|TAMS 0x00000000c2700000, 0x00000000c2700000| Complete 
|1064|0x00000000c2800000, 0x00000000c2900000, 0x00000000c2900000|100%| E|CS|TAMS 0x00000000c2800000, 0x00000000c2800000| Complete 
|1065|0x00000000c2900000, 0x00000000c2a00000, 0x00000000c2a00000|100%| E|CS|TAMS 0x00000000c2900000, 0x00000000c2900000| Complete 
|1066|0x00000000c2a00000, 0x00000000c2b00000, 0x00000000c2b00000|100%| E|CS|TAMS 0x00000000c2a00000, 0x00000000c2a00000| Complete 
|1067|0x00000000c2b00000, 0x00000000c2c00000, 0x00000000c2c00000|100%| E|CS|TAMS 0x00000000c2b00000, 0x00000000c2b00000| Complete 
|1068|0x00000000c2c00000, 0x00000000c2d00000, 0x00000000c2d00000|100%| E|CS|TAMS 0x00000000c2c00000, 0x00000000c2c00000| Complete 
|1069|0x00000000c2d00000, 0x00000000c2e00000, 0x00000000c2e00000|100%| E|CS|TAMS 0x00000000c2d00000, 0x00000000c2d00000| Complete 
|1070|0x00000000c2e00000, 0x00000000c2f00000, 0x00000000c2f00000|100%| E|CS|TAMS 0x00000000c2e00000, 0x00000000c2e00000| Complete 
|1071|0x00000000c2f00000, 0x00000000c3000000, 0x00000000c3000000|100%| E|CS|TAMS 0x00000000c2f00000, 0x00000000c2f00000| Complete 
|1072|0x00000000c3000000, 0x00000000c3100000, 0x00000000c3100000|100%| E|  |TAMS 0x00000000c3000000, 0x00000000c3000000| Complete 
|1073|0x00000000c3100000, 0x00000000c3200000, 0x00000000c3200000|100%| E|CS|TAMS 0x00000000c3100000, 0x00000000c3100000| Complete 
|1074|0x00000000c3200000, 0x00000000c3300000, 0x00000000c3300000|100%| E|CS|TAMS 0x00000000c3200000, 0x00000000c3200000| Complete 
|1075|0x00000000c3300000, 0x00000000c3400000, 0x00000000c3400000|100%| E|CS|TAMS 0x00000000c3300000, 0x00000000c3300000| Complete 
|1076|0x00000000c3400000, 0x00000000c3500000, 0x00000000c3500000|100%| E|CS|TAMS 0x00000000c3400000, 0x00000000c3400000| Complete 
|1077|0x00000000c3500000, 0x00000000c3600000, 0x00000000c3600000|100%| E|CS|TAMS 0x00000000c3500000, 0x00000000c3500000| Complete 
|1078|0x00000000c3600000, 0x00000000c3700000, 0x00000000c3700000|100%| E|CS|TAMS 0x00000000c3600000, 0x00000000c3600000| Complete 
|1079|0x00000000c3700000, 0x00000000c3800000, 0x00000000c3800000|100%| E|CS|TAMS 0x00000000c3700000, 0x00000000c3700000| Complete 
|1080|0x00000000c3800000, 0x00000000c3900000, 0x00000000c3900000|100%| E|CS|TAMS 0x00000000c3800000, 0x00000000c3800000| Complete 
|1081|0x00000000c3900000, 0x00000000c3a00000, 0x00000000c3a00000|100%| E|CS|TAMS 0x00000000c3900000, 0x00000000c3900000| Complete 
|1082|0x00000000c3a00000, 0x00000000c3b00000, 0x00000000c3b00000|100%| E|CS|TAMS 0x00000000c3a00000, 0x00000000c3a00000| Complete 
|1083|0x00000000c3b00000, 0x00000000c3c00000, 0x00000000c3c00000|100%| E|CS|TAMS 0x00000000c3b00000, 0x00000000c3b00000| Complete 
|1084|0x00000000c3c00000, 0x00000000c3d00000, 0x00000000c3d00000|100%| E|CS|TAMS 0x00000000c3c00000, 0x00000000c3c00000| Complete 
|1085|0x00000000c3d00000, 0x00000000c3e00000, 0x00000000c3e00000|100%| E|CS|TAMS 0x00000000c3d00000, 0x00000000c3d00000| Complete 
|1086|0x00000000c3e00000, 0x00000000c3f00000, 0x00000000c3f00000|100%| E|CS|TAMS 0x00000000c3e00000, 0x00000000c3e00000| Complete 
|1087|0x00000000c3f00000, 0x00000000c4000000, 0x00000000c4000000|100%| E|CS|TAMS 0x00000000c3f00000, 0x00000000c3f00000| Complete 
|1088|0x00000000c4000000, 0x00000000c4100000, 0x00000000c4100000|100%| E|CS|TAMS 0x00000000c4000000, 0x00000000c4000000| Complete 
|1089|0x00000000c4100000, 0x00000000c4200000, 0x00000000c4200000|100%| E|CS|TAMS 0x00000000c4100000, 0x00000000c4100000| Complete 
|1090|0x00000000c4200000, 0x00000000c4300000, 0x00000000c4300000|100%| E|CS|TAMS 0x00000000c4200000, 0x00000000c4200000| Complete 
|1091|0x00000000c4300000, 0x00000000c4400000, 0x00000000c4400000|100%| E|CS|TAMS 0x00000000c4300000, 0x00000000c4300000| Complete 
|1092|0x00000000c4400000, 0x00000000c4500000, 0x00000000c4500000|100%| E|CS|TAMS 0x00000000c4400000, 0x00000000c4400000| Complete 
|1093|0x00000000c4500000, 0x00000000c4600000, 0x00000000c4600000|100%| E|CS|TAMS 0x00000000c4500000, 0x00000000c4500000| Complete 
|1094|0x00000000c4600000, 0x00000000c4700000, 0x00000000c4700000|100%| E|CS|TAMS 0x00000000c4600000, 0x00000000c4600000| Complete 
|1095|0x00000000c4700000, 0x00000000c4800000, 0x00000000c4800000|100%| E|CS|TAMS 0x00000000c4700000, 0x00000000c4700000| Complete 
|1096|0x00000000c4800000, 0x00000000c4900000, 0x00000000c4900000|100%| E|CS|TAMS 0x00000000c4800000, 0x00000000c4800000| Complete 
|1097|0x00000000c4900000, 0x00000000c4a00000, 0x00000000c4a00000|100%| E|CS|TAMS 0x00000000c4900000, 0x00000000c4900000| Complete 
|1098|0x00000000c4a00000, 0x00000000c4b00000, 0x00000000c4b00000|100%| E|CS|TAMS 0x00000000c4a00000, 0x00000000c4a00000| Complete 
|1099|0x00000000c4b00000, 0x00000000c4c00000, 0x00000000c4c00000|100%| E|CS|TAMS 0x00000000c4b00000, 0x00000000c4b00000| Complete 
|1100|0x00000000c4c00000, 0x00000000c4d00000, 0x00000000c4d00000|100%| E|CS|TAMS 0x00000000c4c00000, 0x00000000c4c00000| Complete 
|1101|0x00000000c4d00000, 0x00000000c4e00000, 0x00000000c4e00000|100%| E|CS|TAMS 0x00000000c4d00000, 0x00000000c4d00000| Complete 
|1102|0x00000000c4e00000, 0x00000000c4f00000, 0x00000000c4f00000|100%| E|CS|TAMS 0x00000000c4e00000, 0x00000000c4e00000| Complete 
|1103|0x00000000c4f00000, 0x00000000c5000000, 0x00000000c5000000|100%| E|CS|TAMS 0x00000000c4f00000, 0x00000000c4f00000| Complete 
|1104|0x00000000c5000000, 0x00000000c5100000, 0x00000000c5100000|100%| E|CS|TAMS 0x00000000c5000000, 0x00000000c5000000| Complete 
|1105|0x00000000c5100000, 0x00000000c5200000, 0x00000000c5200000|100%| E|CS|TAMS 0x00000000c5100000, 0x00000000c5100000| Complete 
|1106|0x00000000c5200000, 0x00000000c5300000, 0x00000000c5300000|100%| E|CS|TAMS 0x00000000c5200000, 0x00000000c5200000| Complete 
|1107|0x00000000c5300000, 0x00000000c5400000, 0x00000000c5400000|100%| E|CS|TAMS 0x00000000c5300000, 0x00000000c5300000| Complete 
|1108|0x00000000c5400000, 0x00000000c5500000, 0x00000000c5500000|100%| E|CS|TAMS 0x00000000c5400000, 0x00000000c5400000| Complete 
|1109|0x00000000c5500000, 0x00000000c5600000, 0x00000000c5600000|100%| E|CS|TAMS 0x00000000c5500000, 0x00000000c5500000| Complete 
|1110|0x00000000c5600000, 0x00000000c5700000, 0x00000000c5700000|100%| E|CS|TAMS 0x00000000c5600000, 0x00000000c5600000| Complete 
|1111|0x00000000c5700000, 0x00000000c5800000, 0x00000000c5800000|100%| E|CS|TAMS 0x00000000c5700000, 0x00000000c5700000| Complete 
|1112|0x00000000c5800000, 0x00000000c5900000, 0x00000000c5900000|100%| E|CS|TAMS 0x00000000c5800000, 0x00000000c5800000| Complete 
|1113|0x00000000c5900000, 0x00000000c5a00000, 0x00000000c5a00000|100%| E|CS|TAMS 0x00000000c5900000, 0x00000000c5900000| Complete 
|1114|0x00000000c5a00000, 0x00000000c5b00000, 0x00000000c5b00000|100%| E|CS|TAMS 0x00000000c5a00000, 0x00000000c5a00000| Complete 
|1115|0x00000000c5b00000, 0x00000000c5c00000, 0x00000000c5c00000|100%| E|CS|TAMS 0x00000000c5b00000, 0x00000000c5b00000| Complete 
|1116|0x00000000c5c00000, 0x00000000c5d00000, 0x00000000c5d00000|100%| E|CS|TAMS 0x00000000c5c00000, 0x00000000c5c00000| Complete 
|1117|0x00000000c5d00000, 0x00000000c5e00000, 0x00000000c5e00000|100%| E|CS|TAMS 0x00000000c5d00000, 0x00000000c5d00000| Complete 
|1118|0x00000000c5e00000, 0x00000000c5f00000, 0x00000000c5f00000|100%| E|CS|TAMS 0x00000000c5e00000, 0x00000000c5e00000| Complete 
|1119|0x00000000c5f00000, 0x00000000c6000000, 0x00000000c6000000|100%| E|CS|TAMS 0x00000000c5f00000, 0x00000000c5f00000| Complete 
|1120|0x00000000c6000000, 0x00000000c6100000, 0x00000000c6100000|100%| E|CS|TAMS 0x00000000c6000000, 0x00000000c6000000| Complete 
|1121|0x00000000c6100000, 0x00000000c6200000, 0x00000000c6200000|100%| E|CS|TAMS 0x00000000c6100000, 0x00000000c6100000| Complete 
|1122|0x00000000c6200000, 0x00000000c6300000, 0x00000000c6300000|100%| E|CS|TAMS 0x00000000c6200000, 0x00000000c6200000| Complete 
|1123|0x00000000c6300000, 0x00000000c6400000, 0x00000000c6400000|100%| E|CS|TAMS 0x00000000c6300000, 0x00000000c6300000| Complete 
|1124|0x00000000c6400000, 0x00000000c6500000, 0x00000000c6500000|100%| E|CS|TAMS 0x00000000c6400000, 0x00000000c6400000| Complete 
|1125|0x00000000c6500000, 0x00000000c6600000, 0x00000000c6600000|100%| E|CS|TAMS 0x00000000c6500000, 0x00000000c6500000| Complete 
|1126|0x00000000c6600000, 0x00000000c6700000, 0x00000000c6700000|100%| E|CS|TAMS 0x00000000c6600000, 0x00000000c6600000| Complete 
|1127|0x00000000c6700000, 0x00000000c6800000, 0x00000000c6800000|100%| E|CS|TAMS 0x00000000c6700000, 0x00000000c6700000| Complete 
|1128|0x00000000c6800000, 0x00000000c6900000, 0x00000000c6900000|100%| E|CS|TAMS 0x00000000c6800000, 0x00000000c6800000| Complete 
|1129|0x00000000c6900000, 0x00000000c6a00000, 0x00000000c6a00000|100%| E|CS|TAMS 0x00000000c6900000, 0x00000000c6900000| Complete 
|1130|0x00000000c6a00000, 0x00000000c6b00000, 0x00000000c6b00000|100%| E|CS|TAMS 0x00000000c6a00000, 0x00000000c6a00000| Complete 
|1131|0x00000000c6b00000, 0x00000000c6c00000, 0x00000000c6c00000|100%| E|CS|TAMS 0x00000000c6b00000, 0x00000000c6b00000| Complete 
|1132|0x00000000c6c00000, 0x00000000c6d00000, 0x00000000c6d00000|100%| E|CS|TAMS 0x00000000c6c00000, 0x00000000c6c00000| Complete 
|1133|0x00000000c6d00000, 0x00000000c6e00000, 0x00000000c6e00000|100%| E|CS|TAMS 0x00000000c6d00000, 0x00000000c6d00000| Complete 
|1134|0x00000000c6e00000, 0x00000000c6f00000, 0x00000000c6f00000|100%| E|CS|TAMS 0x00000000c6e00000, 0x00000000c6e00000| Complete 
|1135|0x00000000c6f00000, 0x00000000c7000000, 0x00000000c7000000|100%| E|CS|TAMS 0x00000000c6f00000, 0x00000000c6f00000| Complete 
|1136|0x00000000c7000000, 0x00000000c7100000, 0x00000000c7100000|100%| E|CS|TAMS 0x00000000c7000000, 0x00000000c7000000| Complete 
|1137|0x00000000c7100000, 0x00000000c7200000, 0x00000000c7200000|100%| E|CS|TAMS 0x00000000c7100000, 0x00000000c7100000| Complete 
|1138|0x00000000c7200000, 0x00000000c7300000, 0x00000000c7300000|100%| E|CS|TAMS 0x00000000c7200000, 0x00000000c7200000| Complete 
|1139|0x00000000c7300000, 0x00000000c7400000, 0x00000000c7400000|100%| E|CS|TAMS 0x00000000c7300000, 0x00000000c7300000| Complete 
|1140|0x00000000c7400000, 0x00000000c7500000, 0x00000000c7500000|100%| E|CS|TAMS 0x00000000c7400000, 0x00000000c7400000| Complete 
|1141|0x00000000c7500000, 0x00000000c7600000, 0x00000000c7600000|100%| E|CS|TAMS 0x00000000c7500000, 0x00000000c7500000| Complete 
|1142|0x00000000c7600000, 0x00000000c7700000, 0x00000000c7700000|100%| E|CS|TAMS 0x00000000c7600000, 0x00000000c7600000| Complete 
|1143|0x00000000c7700000, 0x00000000c7800000, 0x00000000c7800000|100%| E|CS|TAMS 0x00000000c7700000, 0x00000000c7700000| Complete 
|1144|0x00000000c7800000, 0x00000000c7900000, 0x00000000c7900000|100%| E|CS|TAMS 0x00000000c7800000, 0x00000000c7800000| Complete 
|1145|0x00000000c7900000, 0x00000000c7a00000, 0x00000000c7a00000|100%| E|CS|TAMS 0x00000000c7900000, 0x00000000c7900000| Complete 
|1146|0x00000000c7a00000, 0x00000000c7b00000, 0x00000000c7b00000|100%| E|CS|TAMS 0x00000000c7a00000, 0x00000000c7a00000| Complete 
|1147|0x00000000c7b00000, 0x00000000c7c00000, 0x00000000c7c00000|100%| E|CS|TAMS 0x00000000c7b00000, 0x00000000c7b00000| Complete 
|1148|0x00000000c7c00000, 0x00000000c7d00000, 0x00000000c7d00000|100%| E|CS|TAMS 0x00000000c7c00000, 0x00000000c7c00000| Complete 
|1149|0x00000000c7d00000, 0x00000000c7e00000, 0x00000000c7e00000|100%| E|CS|TAMS 0x00000000c7d00000, 0x00000000c7d00000| Complete 
|1150|0x00000000c7e00000, 0x00000000c7f00000, 0x00000000c7f00000|100%| E|CS|TAMS 0x00000000c7e00000, 0x00000000c7e00000| Complete 
|1151|0x00000000c7f00000, 0x00000000c8000000, 0x00000000c8000000|100%| E|CS|TAMS 0x00000000c7f00000, 0x00000000c7f00000| Complete 
|1152|0x00000000c8000000, 0x00000000c8100000, 0x00000000c8100000|100%| E|CS|TAMS 0x00000000c8000000, 0x00000000c8000000| Complete 
|1153|0x00000000c8100000, 0x00000000c8200000, 0x00000000c8200000|100%| E|CS|TAMS 0x00000000c8100000, 0x00000000c8100000| Complete 
|1154|0x00000000c8200000, 0x00000000c8300000, 0x00000000c8300000|100%| E|CS|TAMS 0x00000000c8200000, 0x00000000c8200000| Complete 
|1155|0x00000000c8300000, 0x00000000c8400000, 0x00000000c8400000|100%| E|CS|TAMS 0x00000000c8300000, 0x00000000c8300000| Complete 
|1156|0x00000000c8400000, 0x00000000c8500000, 0x00000000c8500000|100%| E|CS|TAMS 0x00000000c8400000, 0x00000000c8400000| Complete 
|1157|0x00000000c8500000, 0x00000000c8600000, 0x00000000c8600000|100%| E|CS|TAMS 0x00000000c8500000, 0x00000000c8500000| Complete 
|1158|0x00000000c8600000, 0x00000000c8700000, 0x00000000c8700000|100%| E|CS|TAMS 0x00000000c8600000, 0x00000000c8600000| Complete 
|1159|0x00000000c8700000, 0x00000000c8800000, 0x00000000c8800000|100%| E|CS|TAMS 0x00000000c8700000, 0x00000000c8700000| Complete 
|1160|0x00000000c8800000, 0x00000000c8900000, 0x00000000c8900000|100%| E|CS|TAMS 0x00000000c8800000, 0x00000000c8800000| Complete 
|1161|0x00000000c8900000, 0x00000000c8a00000, 0x00000000c8a00000|100%| E|CS|TAMS 0x00000000c8900000, 0x00000000c8900000| Complete 
|1162|0x00000000c8a00000, 0x00000000c8b00000, 0x00000000c8b00000|100%| E|CS|TAMS 0x00000000c8a00000, 0x00000000c8a00000| Complete 
|1163|0x00000000c8b00000, 0x00000000c8c00000, 0x00000000c8c00000|100%| E|CS|TAMS 0x00000000c8b00000, 0x00000000c8b00000| Complete 
|1164|0x00000000c8c00000, 0x00000000c8d00000, 0x00000000c8d00000|100%| E|CS|TAMS 0x00000000c8c00000, 0x00000000c8c00000| Complete 
|1165|0x00000000c8d00000, 0x00000000c8e00000, 0x00000000c8e00000|100%| S|CS|TAMS 0x00000000c8d00000, 0x00000000c8d00000| Complete 
|1166|0x00000000c8e00000, 0x00000000c8f00000, 0x00000000c8f00000|100%| S|CS|TAMS 0x00000000c8e00000, 0x00000000c8e00000| Complete 
|1167|0x00000000c8f00000, 0x00000000c9000000, 0x00000000c9000000|100%| S|CS|TAMS 0x00000000c8f00000, 0x00000000c8f00000| Complete 
|1168|0x00000000c9000000, 0x00000000c9100000, 0x00000000c9100000|100%| S|CS|TAMS 0x00000000c9000000, 0x00000000c9000000| Complete 
|1169|0x00000000c9100000, 0x00000000c9200000, 0x00000000c9200000|100%| S|CS|TAMS 0x00000000c9100000, 0x00000000c9100000| Complete 
|1170|0x00000000c9200000, 0x00000000c9300000, 0x00000000c9300000|100%| S|CS|TAMS 0x00000000c9200000, 0x00000000c9200000| Complete 
|1171|0x00000000c9300000, 0x00000000c9400000, 0x00000000c9400000|100%| S|CS|TAMS 0x00000000c9300000, 0x00000000c9300000| Complete 
|1172|0x00000000c9400000, 0x00000000c9500000, 0x00000000c9500000|100%| S|CS|TAMS 0x00000000c9400000, 0x00000000c9400000| Complete 
|1173|0x00000000c9500000, 0x00000000c9600000, 0x00000000c9600000|100%| E|CS|TAMS 0x00000000c9500000, 0x00000000c9500000| Complete 
|1174|0x00000000c9600000, 0x00000000c9700000, 0x00000000c9700000|100%| E|CS|TAMS 0x00000000c9600000, 0x00000000c9600000| Complete 
|1175|0x00000000c9700000, 0x00000000c9800000, 0x00000000c9800000|100%| E|CS|TAMS 0x00000000c9700000, 0x00000000c9700000| Complete 
|1176|0x00000000c9800000, 0x00000000c9900000, 0x00000000c9900000|100%| E|CS|TAMS 0x00000000c9800000, 0x00000000c9800000| Complete 
|1177|0x00000000c9900000, 0x00000000c9a00000, 0x00000000c9a00000|100%| E|CS|TAMS 0x00000000c9900000, 0x00000000c9900000| Complete 
|1178|0x00000000c9a00000, 0x00000000c9b00000, 0x00000000c9b00000|100%| E|CS|TAMS 0x00000000c9a00000, 0x00000000c9a00000| Complete 
|1179|0x00000000c9b00000, 0x00000000c9c00000, 0x00000000c9c00000|100%| E|CS|TAMS 0x00000000c9b00000, 0x00000000c9b00000| Complete 
|1180|0x00000000c9c00000, 0x00000000c9d00000, 0x00000000c9d00000|100%| E|CS|TAMS 0x00000000c9c00000, 0x00000000c9c00000| Complete 
|1181|0x00000000c9d00000, 0x00000000c9e00000, 0x00000000c9e00000|100%| E|CS|TAMS 0x00000000c9d00000, 0x00000000c9d00000| Complete 
|1182|0x00000000c9e00000, 0x00000000c9f00000, 0x00000000c9f00000|100%| E|CS|TAMS 0x00000000c9e00000, 0x00000000c9e00000| Complete 
|1183|0x00000000c9f00000, 0x00000000ca000000, 0x00000000ca000000|100%| E|CS|TAMS 0x00000000c9f00000, 0x00000000c9f00000| Complete 
|1184|0x00000000ca000000, 0x00000000ca100000, 0x00000000ca100000|100%| E|CS|TAMS 0x00000000ca000000, 0x00000000ca000000| Complete 
|1185|0x00000000ca100000, 0x00000000ca200000, 0x00000000ca200000|100%| E|CS|TAMS 0x00000000ca100000, 0x00000000ca100000| Complete 
|1186|0x00000000ca200000, 0x00000000ca300000, 0x00000000ca300000|100%| E|CS|TAMS 0x00000000ca200000, 0x00000000ca200000| Complete 
|1187|0x00000000ca300000, 0x00000000ca400000, 0x00000000ca400000|100%| E|CS|TAMS 0x00000000ca300000, 0x00000000ca300000| Complete 
|1188|0x00000000ca400000, 0x00000000ca500000, 0x00000000ca500000|100%| E|CS|TAMS 0x00000000ca400000, 0x00000000ca400000| Complete 
|1189|0x00000000ca500000, 0x00000000ca600000, 0x00000000ca600000|100%| E|CS|TAMS 0x00000000ca500000, 0x00000000ca500000| Complete 
|1190|0x00000000ca600000, 0x00000000ca700000, 0x00000000ca700000|100%| E|CS|TAMS 0x00000000ca600000, 0x00000000ca600000| Complete 
|1191|0x00000000ca700000, 0x00000000ca800000, 0x00000000ca800000|100%| E|CS|TAMS 0x00000000ca700000, 0x00000000ca700000| Complete 
|1192|0x00000000ca800000, 0x00000000ca900000, 0x00000000ca900000|100%| E|CS|TAMS 0x00000000ca800000, 0x00000000ca800000| Complete 
|1193|0x00000000ca900000, 0x00000000caa00000, 0x00000000caa00000|100%| E|CS|TAMS 0x00000000ca900000, 0x00000000ca900000| Complete 
|1194|0x00000000caa00000, 0x00000000cab00000, 0x00000000cab00000|100%| E|CS|TAMS 0x00000000caa00000, 0x00000000caa00000| Complete 
|1195|0x00000000cab00000, 0x00000000cac00000, 0x00000000cac00000|100%| E|CS|TAMS 0x00000000cab00000, 0x00000000cab00000| Complete 
|1196|0x00000000cac00000, 0x00000000cad00000, 0x00000000cad00000|100%| E|CS|TAMS 0x00000000cac00000, 0x00000000cac00000| Complete 
|1197|0x00000000cad00000, 0x00000000cae00000, 0x00000000cae00000|100%| E|CS|TAMS 0x00000000cad00000, 0x00000000cad00000| Complete 
|1198|0x00000000cae00000, 0x00000000caf00000, 0x00000000caf00000|100%| E|CS|TAMS 0x00000000cae00000, 0x00000000cae00000| Complete 
|1199|0x00000000caf00000, 0x00000000cb000000, 0x00000000cb000000|100%| E|CS|TAMS 0x00000000caf00000, 0x00000000caf00000| Complete 
|1200|0x00000000cb000000, 0x00000000cb100000, 0x00000000cb100000|100%| E|CS|TAMS 0x00000000cb000000, 0x00000000cb000000| Complete 
|1201|0x00000000cb100000, 0x00000000cb200000, 0x00000000cb200000|100%| E|CS|TAMS 0x00000000cb100000, 0x00000000cb100000| Complete 
|1202|0x00000000cb200000, 0x00000000cb300000, 0x00000000cb300000|100%| E|CS|TAMS 0x00000000cb200000, 0x00000000cb200000| Complete 
|1203|0x00000000cb300000, 0x00000000cb400000, 0x00000000cb400000|100%| E|CS|TAMS 0x00000000cb300000, 0x00000000cb300000| Complete 
|1204|0x00000000cb400000, 0x00000000cb500000, 0x00000000cb500000|100%| E|CS|TAMS 0x00000000cb400000, 0x00000000cb400000| Complete 
|1205|0x00000000cb500000, 0x00000000cb600000, 0x00000000cb600000|100%| E|CS|TAMS 0x00000000cb500000, 0x00000000cb500000| Complete 
|1206|0x00000000cb600000, 0x00000000cb700000, 0x00000000cb700000|100%| E|CS|TAMS 0x00000000cb600000, 0x00000000cb600000| Complete 
|1207|0x00000000cb700000, 0x00000000cb800000, 0x00000000cb800000|100%| E|CS|TAMS 0x00000000cb700000, 0x00000000cb700000| Complete 
|1208|0x00000000cb800000, 0x00000000cb900000, 0x00000000cb900000|100%| E|CS|TAMS 0x00000000cb800000, 0x00000000cb800000| Complete 

Card table byte_map: [0x0000026e6c760000,0x0000026e6cb60000] _byte_map_base: 0x0000026e6c360000

Marking Bits (Prev, Next): (CMBitMap*) 0x0000026e52f4c030, (CMBitMap*) 0x0000026e52f4bff0
 Prev Bits: [0x0000026e6ef60000, 0x0000026e70f60000)
 Next Bits: [0x0000026e6cf60000, 0x0000026e6ef60000)

Polling page: 0x0000026e531c0000

Metaspace:

Usage:
  Non-class:    313.61 MB used.
      Class:     45.55 MB used.
       Both:    359.17 MB used.

Virtual space:
  Non-class space:      320.00 MB reserved,     315.12 MB ( 98%) committed,  5 nodes.
      Class space:      416.00 MB reserved,      46.94 MB ( 11%) committed,  1 nodes.
             Both:      736.00 MB reserved,     362.06 MB ( 49%) committed. 

Chunk freelists:
   Non-Class:  4.88 MB
       Class:  1020.00 KB
        Both:  5.87 MB

MaxMetaspaceSize: 512.00 MB
CompressedClassSpaceSize: 416.00 MB
Initial GC threshold: 21.00 MB
Current GC threshold: 512.00 MB
CDS: on
MetaspaceReclaimPolicy: balanced
 - commit_granule_bytes: 65536.
 - commit_granule_words: 8192.
 - virtual_space_node_default_size: 8388608.
 - enlarge_chunks_in_place: 1.
 - new_chunks_are_fully_committed: 0.
 - uncommit_free_chunks: 1.
 - use_allocation_guard: 0.
 - handle_deallocations: 1.


Internal statistics:

num_allocs_failed_limit: 58.
num_arena_births: 4360.
num_arena_deaths: 82.
num_vsnodes_births: 6.
num_vsnodes_deaths: 0.
num_space_committed: 5788.
num_space_uncommitted: 3.
num_chunks_returned_to_freelist: 226.
num_chunks_taken_from_freelist: 22953.
num_chunk_merges: 67.
num_chunk_splits: 13856.
num_chunks_enlarged: 6892.
num_inconsistent_stats: 0.

CodeHeap 'non-profiled nmethods': size=120000Kb used=23534Kb max_used=23534Kb free=96465Kb
 bounds [0x0000026e648e0000, 0x0000026e65fe0000, 0x0000026e6be10000]
CodeHeap 'profiled nmethods': size=120000Kb used=89571Kb max_used=89571Kb free=30428Kb
 bounds [0x0000026e5ce10000, 0x0000026e62590000, 0x0000026e64340000]
CodeHeap 'non-nmethods': size=5760Kb used=2842Kb max_used=2960Kb free=2917Kb
 bounds [0x0000026e64340000, 0x0000026e64630000, 0x0000026e648e0000]
 total_blobs=43603 nmethods=42166 adapters=1343
 compilation: enabled
              stopped_count=0, restarted_count=0
 full_count=0

Compilation events (20 events):
Event: 110.806 Thread 0x0000026e73cf6020 nmethod 56104 0x0000026e65fc7e10 code [0x0000026e65fc7fa0, 0x0000026e65fc80b8]
Event: 110.806 Thread 0x0000026e73cf6020 56134       2       com.intellij.psi.impl.compiled.ClsFieldImpl::getModifierList (33 bytes)
Event: 110.807 Thread 0x0000026e73cf6020 nmethod 56134 0x0000026e6251af90 code [0x0000026e6251b180, 0x0000026e6251b588]
Event: 110.807 Thread 0x0000026e73cf6020 56136       2       com.intellij.psi.impl.compiled.ClsFieldImpl::hasModifierProperty (25 bytes)
Event: 110.808 Thread 0x0000026e73cf6020 nmethod 56136 0x0000026e6251b810 code [0x0000026e6251ba20, 0x0000026e6251bf98]
Event: 110.808 Thread 0x0000026e73cf6020 56072       2       org.jetbrains.kotlin.fir.resolve.calls.stages.CheckContextArguments::check (132 bytes)
Event: 110.810 Thread 0x0000026e73cf6020 nmethod 56072 0x0000026e6251c290 code [0x0000026e6251c5c0, 0x0000026e6251d098]
Event: 110.810 Thread 0x0000026e73cf6020 56172       3       org.jetbrains.kotlin.fir.java.declarations.UtilsKt::javaOrigin (20 bytes)
Event: 110.810 Thread 0x0000026e73cf6020 nmethod 56172 0x0000026e6251d790 code [0x0000026e6251d940, 0x0000026e6251dab8]
Event: 110.810 Thread 0x0000026e73cf6020 56173       3       org.jetbrains.kotlin.fir.java.enhancement.FirLazyJavaAnnotationList::<init> (43 bytes)
Event: 110.812 Thread 0x0000026e73cf6020 nmethod 56173 0x0000026e6251db90 code [0x0000026e6251dea0, 0x0000026e6251ef18]
Event: 110.812 Thread 0x0000026e73cf6020 56117       2       org.jetbrains.kotlin.fir.types.jvm.FirJavaTypeRef$$Lambda$7591/0x0000026e03bed370::<init> (10 bytes)
Event: 110.812 Thread 0x0000026e73cf6020 nmethod 56117 0x0000026e6251f490 code [0x0000026e6251f620, 0x0000026e6251f778]
Event: 110.812 Thread 0x0000026e73cf6020 56175       2       org.jetbrains.kotlin.fir.java.declarations.FirJavaValueParameterBuilder::getName (17 bytes)
Event: 110.813 Thread 0x0000026e73cf6020 nmethod 56175 0x0000026e65fc8110 code [0x0000026e65fc8320, 0x0000026e65fc86f8]
Event: 110.813 Thread 0x0000026e73cf6020 56138       1       org.jetbrains.kotlin.fir.java.declarations.FirJavaField::getSymbol (5 bytes)
Event: 110.813 Thread 0x0000026e73cf6020 nmethod 56138 0x0000026e65fc8990 code [0x0000026e65fc8b20, 0x0000026e65fc8bf8]
Event: 110.813 Thread 0x0000026e73cf6020 56076       2       org.jetbrains.kotlin.fir.types.TypeComponentsKt::getTypeApproximator (14 bytes)
Event: 110.814 Thread 0x0000026e73cf6020 nmethod 56076 0x0000026e6251f810 code [0x0000026e6251fa00, 0x0000026e6251fd08]
Event: 110.814 Thread 0x0000026e73cf6020 56176       2       com.intellij.util.CachedValuesManagerImpl::isClearedOnPluginUnload (36 bytes)

GC Heap History (20 events):
Event: 100.042 GC heap before
{Heap before GC invocations=140 (full 0):
 garbage-first heap   total 774144K, used 681594K [0x0000000080000000, 0x0000000100000000)
  region size 1024K, 102 young (104448K), 11 survivors (11264K)
 Metaspace       used 321985K, committed 324928K, reserved 753664K
  class space    used 40978K, committed 42368K, reserved 425984K
}
Event: 100.055 GC heap after
{Heap after GC invocations=141 (full 0):
 garbage-first heap   total 774144K, used 594085K [0x0000000080000000, 0x0000000100000000)
  region size 1024K, 11 young (11264K), 11 survivors (11264K)
 Metaspace       used 321985K, committed 324928K, reserved 753664K
  class space    used 40978K, committed 42368K, reserved 425984K
}
Event: 100.096 GC heap before
{Heap before GC invocations=141 (full 0):
 garbage-first heap   total 774144K, used 607397K [0x0000000080000000, 0x0000000100000000)
  region size 1024K, 25 young (25600K), 11 survivors (11264K)
 Metaspace       used 322456K, committed 325376K, reserved 753664K
  class space    used 41042K, committed 42432K, reserved 425984K
}
Event: 100.104 GC heap after
{Heap after GC invocations=142 (full 0):
 garbage-first heap   total 774144K, used 595173K [0x0000000080000000, 0x0000000100000000)
  region size 1024K, 7 young (7168K), 7 survivors (7168K)
 Metaspace       used 322456K, committed 325376K, reserved 753664K
  class space    used 41042K, committed 42432K, reserved 425984K
}
Event: 100.324 GC heap before
{Heap before GC invocations=142 (full 0):
 garbage-first heap   total 774144K, used 682213K [0x0000000080000000, 0x0000000100000000)
  region size 1024K, 92 young (94208K), 7 survivors (7168K)
 Metaspace       used 324206K, committed 327168K, reserved 753664K
  class space    used 41308K, committed 42688K, reserved 425984K
}
Event: 100.331 GC heap after
{Heap after GC invocations=143 (full 0):
 garbage-first heap   total 774144K, used 598456K [0x0000000080000000, 0x0000000100000000)
  region size 1024K, 10 young (10240K), 10 survivors (10240K)
 Metaspace       used 324206K, committed 327168K, reserved 753664K
  class space    used 41308K, committed 42688K, reserved 425984K
}
Event: 100.525 GC heap before
{Heap before GC invocations=143 (full 0):
 garbage-first heap   total 774144K, used 683448K [0x0000000080000000, 0x0000000100000000)
  region size 1024K, 93 young (95232K), 10 survivors (10240K)
 Metaspace       used 325492K, committed 328448K, reserved 753664K
  class space    used 41553K, committed 42944K, reserved 425984K
}
Event: 100.535 GC heap after
{Heap after GC invocations=144 (full 0):
 garbage-first heap   total 774144K, used 601784K [0x0000000080000000, 0x0000000100000000)
  region size 1024K, 8 young (8192K), 8 survivors (8192K)
 Metaspace       used 325492K, committed 328448K, reserved 753664K
  class space    used 41553K, committed 42944K, reserved 425984K
}
Event: 100.913 GC heap before
{Heap before GC invocations=144 (full 0):
 garbage-first heap   total 1094656K, used 678584K [0x0000000080000000, 0x0000000100000000)
  region size 1024K, 89 young (91136K), 8 survivors (8192K)
 Metaspace       used 326054K, committed 329216K, reserved 753664K
  class space    used 41819K, committed 43200K, reserved 425984K
}
Event: 100.920 GC heap after
{Heap after GC invocations=145 (full 0):
 garbage-first heap   total 1094656K, used 599674K [0x0000000080000000, 0x0000000100000000)
  region size 1024K, 8 young (8192K), 8 survivors (8192K)
 Metaspace       used 326054K, committed 329216K, reserved 753664K
  class space    used 41819K, committed 43200K, reserved 425984K
}
Event: 101.853 GC heap before
{Heap before GC invocations=146 (full 0):
 garbage-first heap   total 1094656K, used 934522K [0x0000000080000000, 0x0000000100000000)
  region size 1024K, 335 young (343040K), 8 survivors (8192K)
 Metaspace       used 331275K, committed 334144K, reserved 753664K
  class space    used 42550K, committed 43904K, reserved 425984K
}
Event: 101.869 GC heap after
{Heap after GC invocations=147 (full 0):
 garbage-first heap   total 1094656K, used 621870K [0x0000000080000000, 0x0000000100000000)
  region size 1024K, 29 young (29696K), 29 survivors (29696K)
 Metaspace       used 331275K, committed 334144K, reserved 753664K
  class space    used 42550K, committed 43904K, reserved 425984K
}
Event: 101.908 GC heap before
{Heap before GC invocations=147 (full 0):
 garbage-first heap   total 1094656K, used 645422K [0x0000000080000000, 0x0000000100000000)
  region size 1024K, 53 young (54272K), 29 survivors (29696K)
 Metaspace       used 331598K, committed 334464K, reserved 753664K
  class space    used 42583K, committed 43904K, reserved 425984K
}
Event: 101.940 GC heap after
{Heap after GC invocations=148 (full 0):
 garbage-first heap   total 1094656K, used 549966K [0x0000000080000000, 0x0000000100000000)
  region size 1024K, 5 young (5120K), 5 survivors (5120K)
 Metaspace       used 331598K, committed 334464K, reserved 753664K
  class space    used 42583K, committed 43904K, reserved 425984K
}
Event: 104.473 GC heap before
{Heap before GC invocations=148 (full 0):
 garbage-first heap   total 1094656K, used 969806K [0x0000000080000000, 0x0000000100000000)
  region size 1024K, 369 young (377856K), 5 survivors (5120K)
 Metaspace       used 347788K, committed 350656K, reserved 753664K
  class space    used 44674K, committed 46016K, reserved 425984K
}
Event: 104.499 GC heap after
{Heap after GC invocations=149 (full 0):
 garbage-first heap   total 1094656K, used 590515K [0x0000000080000000, 0x0000000100000000)
  region size 1024K, 29 young (29696K), 29 survivors (29696K)
 Metaspace       used 347788K, committed 350656K, reserved 753664K
  class space    used 44674K, committed 46016K, reserved 425984K
}
Event: 107.335 GC heap before
{Heap before GC invocations=150 (full 0):
 garbage-first heap   total 1238016K, used 907955K [0x0000000080000000, 0x0000000100000000)
  region size 1024K, 340 young (348160K), 29 survivors (29696K)
 Metaspace       used 363213K, committed 366144K, reserved 753664K
  class space    used 46254K, committed 47616K, reserved 425984K
}
Event: 107.368 GC heap after
{Heap after GC invocations=151 (full 0):
 garbage-first heap   total 1238016K, used 611329K [0x0000000080000000, 0x0000000100000000)
  region size 1024K, 24 young (24576K), 24 survivors (24576K)
 Metaspace       used 363213K, committed 366144K, reserved 753664K
  class space    used 46254K, committed 47616K, reserved 425984K
}
Event: 108.108 GC heap before
{Heap before GC invocations=151 (full 0):
 garbage-first heap   total 1238016K, used 647169K [0x0000000080000000, 0x0000000100000000)
  region size 1024K, 60 young (61440K), 24 survivors (24576K)
 Metaspace       used 364262K, committed 367232K, reserved 753664K
  class space    used 46338K, committed 47744K, reserved 425984K
}
Event: 108.140 GC heap after
{Heap after GC invocations=152 (full 0):
 garbage-first heap   total 1238016K, used 610058K [0x0000000080000000, 0x0000000100000000)
  region size 1024K, 8 young (8192K), 8 survivors (8192K)
 Metaspace       used 364262K, committed 367232K, reserved 753664K
  class space    used 46338K, committed 47744K, reserved 425984K
}

Dll operation events (17 events):
Event: 0.015 Loaded shared library C:\Program Files\Eclipse Adoptium\jdk-17.0.19.10-hotspot\bin\java.dll
Event: 0.035 Loaded shared library C:\Program Files\Eclipse Adoptium\jdk-17.0.19.10-hotspot\bin\jsvml.dll
Event: 0.102 Loaded shared library C:\Program Files\Eclipse Adoptium\jdk-17.0.19.10-hotspot\bin\zip.dll
Event: 0.106 Loaded shared library C:\Program Files\Eclipse Adoptium\jdk-17.0.19.10-hotspot\bin\instrument.dll
Event: 0.111 Loaded shared library C:\Program Files\Eclipse Adoptium\jdk-17.0.19.10-hotspot\bin\net.dll
Event: 0.114 Loaded shared library C:\Program Files\Eclipse Adoptium\jdk-17.0.19.10-hotspot\bin\nio.dll
Event: 0.116 Loaded shared library C:\Program Files\Eclipse Adoptium\jdk-17.0.19.10-hotspot\bin\zip.dll
Event: 0.457 Loaded shared library C:\Program Files\Eclipse Adoptium\jdk-17.0.19.10-hotspot\bin\jimage.dll
Event: 0.721 Loaded shared library C:\Program Files\Eclipse Adoptium\jdk-17.0.19.10-hotspot\bin\verify.dll
Event: 0.874 Loaded shared library C:\Users\Herman\.gradle\native\1def1411415f61bf3af743bc5b6707747c0891f09f0c88961ee8f79bc544acac\windows-amd64\native-platform.dll
Event: 0.894 Loaded shared library C:\Users\Herman\.gradle\native\0.2.7\x86_64-windows-gnu\gradle-fileevents.dll
Event: 2.403 Loaded shared library C:\Program Files\Eclipse Adoptium\jdk-17.0.19.10-hotspot\bin\management.dll
Event: 2.406 Loaded shared library C:\Program Files\Eclipse Adoptium\jdk-17.0.19.10-hotspot\bin\management_ext.dll
Event: 2.775 Loaded shared library C:\Program Files\Eclipse Adoptium\jdk-17.0.19.10-hotspot\bin\extnet.dll
Event: 3.061 Loaded shared library C:\Program Files\Eclipse Adoptium\jdk-17.0.19.10-hotspot\bin\sunmscapi.dll
Event: 19.161 Loaded shared library C:\Program Files\Eclipse Adoptium\jdk-17.0.19.10-hotspot\bin\rmi.dll
Event: 81.786 Loaded shared library C:\Program Files\Eclipse Adoptium\jdk-17.0.19.10-hotspot\bin\awt.dll

Deoptimization events (20 events):
Event: 110.126 Thread 0x0000026e7baa76e0 Uncommon trap: trap_request=0xffffffde fr.pc=0x0000026e65f734dc relative=0x0000000000002c5c
Event: 110.126 Thread 0x0000026e7baa76e0 Uncommon trap: reason=class_check action=maybe_recompile pc=0x0000026e65f734dc method=org.jetbrains.org.objectweb.asm.ClassReader.readElementValue(Lorg/jetbrains/org/objectweb/asm/AnnotationVisitor;ILjava/lang/String;[C)I @ 536 c2
Event: 110.126 Thread 0x0000026e7baa76e0 DEOPT PACKING pc=0x0000026e65f734dc sp=0x0000007e2daf9ec0
Event: 110.126 Thread 0x0000026e7baa76e0 DEOPT UNPACKING pc=0x0000026e643969a3 sp=0x0000007e2daf9e40 mode 2
Event: 110.127 Thread 0x0000026e7baa76e0 Uncommon trap: trap_request=0xffffffde fr.pc=0x0000026e65f734dc relative=0x0000000000002c5c
Event: 110.127 Thread 0x0000026e7baa76e0 Uncommon trap: reason=class_check action=maybe_recompile pc=0x0000026e65f734dc method=org.jetbrains.org.objectweb.asm.ClassReader.readElementValue(Lorg/jetbrains/org/objectweb/asm/AnnotationVisitor;ILjava/lang/String;[C)I @ 536 c2
Event: 110.127 Thread 0x0000026e7baa76e0 DEOPT PACKING pc=0x0000026e65f734dc sp=0x0000007e2daf9ec0
Event: 110.127 Thread 0x0000026e7baa76e0 DEOPT UNPACKING pc=0x0000026e643969a3 sp=0x0000007e2daf9e40 mode 2
Event: 110.127 Thread 0x0000026e7baa76e0 Uncommon trap: trap_request=0xffffffde fr.pc=0x0000026e65f734dc relative=0x0000000000002c5c
Event: 110.127 Thread 0x0000026e7baa76e0 Uncommon trap: reason=class_check action=maybe_recompile pc=0x0000026e65f734dc method=org.jetbrains.org.objectweb.asm.ClassReader.readElementValue(Lorg/jetbrains/org/objectweb/asm/AnnotationVisitor;ILjava/lang/String;[C)I @ 536 c2
Event: 110.127 Thread 0x0000026e7baa76e0 DEOPT PACKING pc=0x0000026e65f734dc sp=0x0000007e2daf9ec0
Event: 110.127 Thread 0x0000026e7baa76e0 DEOPT UNPACKING pc=0x0000026e643969a3 sp=0x0000007e2daf9e40 mode 2
Event: 110.127 Thread 0x0000026e7ef5df50 DEOPT PACKING pc=0x0000026e61770bd3 sp=0x0000007e2fdf6760
Event: 110.127 Thread 0x0000026e7ef5df50 DEOPT UNPACKING pc=0x0000026e64397143 sp=0x0000007e2fdf5c68 mode 0
Event: 110.216 Thread 0x0000026e7aedf720 DEOPT PACKING pc=0x0000026e611b9fa3 sp=0x0000007e282ff460
Event: 110.216 Thread 0x0000026e7aedf720 DEOPT UNPACKING pc=0x0000026e64397143 sp=0x0000007e282fe9b0 mode 0
Event: 110.601 Thread 0x0000026e73d23dd0 Uncommon trap: trap_request=0xffffff45 fr.pc=0x0000026e64f3b498 relative=0x0000000000000238
Event: 110.601 Thread 0x0000026e73d23dd0 Uncommon trap: reason=unstable_if action=reinterpret pc=0x0000026e64f3b498 method=com.esotericsoftware.kryo.io.Output.writeString(Ljava/lang/CharSequence;)V @ 83 c2
Event: 110.601 Thread 0x0000026e73d23dd0 DEOPT PACKING pc=0x0000026e64f3b498 sp=0x0000007e21afec10
Event: 110.601 Thread 0x0000026e73d23dd0 DEOPT UNPACKING pc=0x0000026e643969a3 sp=0x0000007e21afeb48 mode 2

Classes loaded (20 events):
Event: 105.485 Loading class sun/net/www/MeteredStream done
Event: 105.491 Loading class sun/net/www/http/KeepAliveStream done
Event: 105.492 Loading class sun/net/www/http/KeepAliveStreamCleaner
Event: 105.492 Loading class sun/net/www/http/KeepAliveStreamCleaner done
Event: 105.493 Loading class sun/net/www/http/KeepAliveStreamCleaner$1
Event: 105.493 Loading class sun/net/www/http/KeepAliveStreamCleaner$1 done
Event: 105.493 Loading class sun/net/www/http/KeepAliveStreamCleaner$2
Event: 105.494 Loading class sun/net/www/http/KeepAliveStreamCleaner$2 done
Event: 105.494 Loading class sun/net/www/protocol/http/HttpURLConnection$HttpInputStream
Event: 105.494 Loading class sun/net/www/protocol/http/HttpURLConnection$HttpInputStream done
Event: 105.618 Loading class sun/net/www/http/KeepAliveCache$1
Event: 105.618 Loading class sun/net/www/http/KeepAliveCache$1 done
Event: 105.619 Loading class sun/net/www/http/ClientVector
Event: 105.620 Loading class sun/net/www/http/ClientVector done
Event: 105.620 Loading class sun/net/www/http/KeepAliveEntry
Event: 105.621 Loading class sun/net/www/http/KeepAliveEntry done
Event: 106.034 Loading class java/util/zip/GZIPInputStream$1
Event: 106.034 Loading class java/util/zip/GZIPInputStream$1 done
Event: 107.369 Loading class sun/net/www/http/ChunkedInputStream
Event: 107.369 Loading class sun/net/www/http/ChunkedInputStream done

Classes unloaded (20 events):
Event: 100.694 Thread 0x0000026e73bcfcb0 Unloading class 0x0000026e026fa6c8 'jdk/internal/jimage/ImageHeader'
Event: 100.694 Thread 0x0000026e73bcfcb0 Unloading class 0x0000026e026fa498 'jdk/internal/jimage/BasicImageReader$2'
Event: 100.694 Thread 0x0000026e73bcfcb0 Unloading class 0x0000026e026fa268 'jdk/internal/jimage/BasicImageReader$1'
Event: 100.694 Thread 0x0000026e73bcfcb0 Unloading class 0x0000026e026fa000 'jdk/internal/jimage/ImageReader$Resource'
Event: 100.694 Thread 0x0000026e73bcfcb0 Unloading class 0x0000026e026f9ce8 'jdk/internal/jimage/ImageReader$LinkNode'
Event: 100.694 Thread 0x0000026e73bcfcb0 Unloading class 0x0000026e026f9a80 'jdk/internal/jimage/ImageReader$Directory'
Event: 100.694 Thread 0x0000026e73bcfcb0 Unloading class 0x0000026e026f9818 'jdk/internal/jimage/ImageReader$Node'
Event: 100.694 Thread 0x0000026e73bcfcb0 Unloading class 0x0000026e026f9620 'jdk/internal/jimage/ImageStrings'
Event: 100.694 Thread 0x0000026e73bcfcb0 Unloading class 0x0000026e026f9360 'jdk/internal/jimage/ImageReader$SharedImageReader'
Event: 100.694 Thread 0x0000026e73bcfcb0 Unloading class 0x0000026e026f90a0 'jdk/internal/jimage/BasicImageReader'
Event: 100.694 Thread 0x0000026e73bcfcb0 Unloading class 0x0000026e026f8e80 'jdk/internal/jimage/ImageReader'
Event: 100.694 Thread 0x0000026e73bcfcb0 Unloading class 0x0000026e026f8c58 'jdk/internal/jrtfs/SystemImage$2'
Event: 100.694 Thread 0x0000026e73bcfcb0 Unloading class 0x0000026e026f8a40 'jdk/internal/jrtfs/SystemImage$$Lambda$3447+0x0000026e026f8a40'
Event: 100.694 Thread 0x0000026e73bcfcb0 Unloading class 0x0000026e026f8810 'jdk/internal/jrtfs/ExplodedImage'
Event: 100.694 Thread 0x0000026e73bcfcb0 Unloading class 0x0000026e026f85d8 'jdk/internal/jrtfs/SystemImage$1'
Event: 100.694 Thread 0x0000026e73bcfcb0 Unloading class 0x0000026e026f7dd8 'jdk/internal/jrtfs/SystemImage'
Event: 100.694 Thread 0x0000026e73bcfcb0 Unloading class 0x0000026e026f8378 'jdk/internal/jrtfs/JrtFileStore'
Event: 100.694 Thread 0x0000026e73bcfcb0 Unloading class 0x0000026e026f8000 'jdk/internal/jrtfs/JrtPath'
Event: 100.694 Thread 0x0000026e73bcfcb0 Unloading class 0x0000026e026f7ae0 'jdk/internal/jrtfs/JrtFileSystem'
Event: 100.694 Thread 0x0000026e73bcfcb0 Unloading class 0x0000026e026f7800 'jdk/internal/jrtfs/JrtFileSystemProvider'

Classes redefined (0 events):
No events

Internal exceptions (20 events):
Event: 106.721 Thread 0x0000026e7ef5df50 Exception <a 'sun/nio/fs/WindowsException'{0x00000000c6004ad0}> (0x00000000c6004ad0) 
thrown [s\src\hotspot\share\prims\jni.cpp, line 516]
Event: 106.722 Thread 0x0000026e7ef5df50 Exception <a 'sun/nio/fs/WindowsException'{0x00000000c6005ba8}> (0x00000000c6005ba8) 
thrown [s\src\hotspot\share\prims\jni.cpp, line 516]
Event: 106.722 Thread 0x0000026e7ef5df50 Exception <a 'sun/nio/fs/WindowsException'{0x00000000c6006d90}> (0x00000000c6006d90) 
thrown [s\src\hotspot\share\prims\jni.cpp, line 516]
Event: 106.723 Thread 0x0000026e7ef5df50 Exception <a 'sun/nio/fs/WindowsException'{0x00000000c6008938}> (0x00000000c6008938) 
thrown [s\src\hotspot\share\prims\jni.cpp, line 516]
Event: 106.723 Thread 0x0000026e7ef5df50 Exception <a 'sun/nio/fs/WindowsException'{0x00000000c6009920}> (0x00000000c6009920) 
thrown [s\src\hotspot\share\prims\jni.cpp, line 516]
Event: 106.723 Thread 0x0000026e7ef5df50 Exception <a 'sun/nio/fs/WindowsException'{0x00000000c600aa28}> (0x00000000c600aa28) 
thrown [s\src\hotspot\share\prims\jni.cpp, line 516]
Event: 106.723 Thread 0x0000026e7ef5df50 Exception <a 'sun/nio/fs/WindowsException'{0x00000000c600bc50}> (0x00000000c600bc50) 
thrown [s\src\hotspot\share\prims\jni.cpp, line 516]
Event: 106.724 Thread 0x0000026e7ef5df50 Exception <a 'sun/nio/fs/WindowsException'{0x00000000c600e220}> (0x00000000c600e220) 
thrown [s\src\hotspot\share\prims\jni.cpp, line 516]
Event: 106.725 Thread 0x0000026e7ef5df50 Exception <a 'sun/nio/fs/WindowsException'{0x00000000c600f368}> (0x00000000c600f368) 
thrown [s\src\hotspot\share\prims\jni.cpp, line 516]
Event: 106.725 Thread 0x0000026e7ef5df50 Exception <a 'sun/nio/fs/WindowsException'{0x00000000c60105b0}> (0x00000000c60105b0) 
thrown [s\src\hotspot\share\prims\jni.cpp, line 516]
Event: 106.725 Thread 0x0000026e7ef5df50 Exception <a 'sun/nio/fs/WindowsException'{0x00000000c6011888}> (0x00000000c6011888) 
thrown [s\src\hotspot\share\prims\jni.cpp, line 516]
Event: 106.726 Thread 0x0000026e7ef5df50 Exception <a 'sun/nio/fs/WindowsException'{0x00000000c6012c50}> (0x00000000c6012c50) 
thrown [s\src\hotspot\share\prims\jni.cpp, line 516]
Event: 106.727 Thread 0x0000026e7ef5df50 Exception <a 'sun/nio/fs/WindowsException'{0x00000000c60164b8}> (0x00000000c60164b8) 
thrown [s\src\hotspot\share\prims\jni.cpp, line 516]
Event: 106.727 Thread 0x0000026e7ef5df50 Exception <a 'sun/nio/fs/WindowsException'{0x00000000c60177c8}> (0x00000000c60177c8) 
thrown [s\src\hotspot\share\prims\jni.cpp, line 516]
Event: 106.727 Thread 0x0000026e7ef5df50 Exception <a 'sun/nio/fs/WindowsException'{0x00000000c6019940}> (0x00000000c6019940) 
thrown [s\src\hotspot\share\prims\jni.cpp, line 516]
Event: 106.728 Thread 0x0000026e7ef5df50 Exception <a 'sun/nio/fs/WindowsException'{0x00000000c601ad70}> (0x00000000c601ad70) 
thrown [s\src\hotspot\share\prims\jni.cpp, line 516]
Event: 106.728 Thread 0x0000026e7ef5df50 Exception <a 'sun/nio/fs/WindowsException'{0x00000000c601bf48}> (0x00000000c601bf48) 
thrown [s\src\hotspot\share\prims\jni.cpp, line 516]
Event: 106.728 Thread 0x0000026e7ef5df50 Exception <a 'sun/nio/fs/WindowsException'{0x00000000c601d240}> (0x00000000c601d240) 
thrown [s\src\hotspot\share\prims\jni.cpp, line 516]
Event: 106.729 Thread 0x0000026e7ef5df50 Exception <a 'sun/nio/fs/WindowsException'{0x00000000c601e658}> (0x00000000c601e658) 
thrown [s\src\hotspot\share\prims\jni.cpp, line 516]
Event: 107.690 Thread 0x0000026e7ef5df50 Implicit null exception at 0x0000026e65c0f74c to 0x0000026e65c0f840

VM Operations (20 events):
Event: 109.452 Executing VM operation: ICBufferFull
Event: 109.452 Executing VM operation: ICBufferFull done
Event: 109.489 Executing VM operation: HandshakeAllThreads
Event: 109.490 Executing VM operation: HandshakeAllThreads done
Event: 109.654 Executing VM operation: ICBufferFull
Event: 109.654 Executing VM operation: ICBufferFull done
Event: 109.716 Executing VM operation: HandshakeAllThreads
Event: 109.717 Executing VM operation: HandshakeAllThreads done
Event: 109.861 Executing VM operation: ICBufferFull
Event: 109.861 Executing VM operation: ICBufferFull done
Event: 110.206 Executing VM operation: ICBufferFull
Event: 110.206 Executing VM operation: ICBufferFull done
Event: 110.495 Executing VM operation: ICBufferFull
Event: 110.495 Executing VM operation: ICBufferFull done
Event: 110.584 Executing VM operation: HandshakeAllThreads
Event: 110.585 Executing VM operation: HandshakeAllThreads done
Event: 110.677 Executing VM operation: HandshakeAllThreads
Event: 110.678 Executing VM operation: HandshakeAllThreads done
Event: 110.723 Executing VM operation: ICBufferFull
Event: 110.724 Executing VM operation: ICBufferFull done

Memory protections (0 events):
No events

Nmethod flushes (20 events):
Event: 109.868 Thread 0x0000026e73d247f0 flushing  nmethod 0x0000026e61f9e610
Event: 109.868 Thread 0x0000026e73d247f0 flushing  nmethod 0x0000026e61f9f310
Event: 109.868 Thread 0x0000026e73d247f0 flushing  nmethod 0x0000026e61fa0090
Event: 109.868 Thread 0x0000026e73d247f0 flushing  nmethod 0x0000026e61fa0410
Event: 109.868 Thread 0x0000026e73d247f0 flushing  nmethod 0x0000026e61fa4390
Event: 109.868 Thread 0x0000026e73d247f0 flushing  nmethod 0x0000026e61fa6390
Event: 109.868 Thread 0x0000026e73d247f0 flushing  nmethod 0x0000026e61fb9210
Event: 109.868 Thread 0x0000026e73d247f0 flushing  nmethod 0x0000026e61fba410
Event: 109.868 Thread 0x0000026e73d247f0 flushing  nmethod 0x0000026e61fefc90
Event: 109.868 Thread 0x0000026e73d247f0 flushing  nmethod 0x0000026e61ff3f90
Event: 109.868 Thread 0x0000026e73d247f0 flushing  nmethod 0x0000026e61ff4790
Event: 109.868 Thread 0x0000026e73d247f0 flushing  nmethod 0x0000026e61ff4c10
Event: 109.868 Thread 0x0000026e73d247f0 flushing  nmethod 0x0000026e61ff6490
Event: 109.868 Thread 0x0000026e73d247f0 flushing  nmethod 0x0000026e61ff7710
Event: 109.868 Thread 0x0000026e73d247f0 flushing  nmethod 0x0000026e62026b10
Event: 109.869 Thread 0x0000026e73d247f0 flushing  nmethod 0x0000026e62051810
Event: 109.869 Thread 0x0000026e73d247f0 flushing  nmethod 0x0000026e62051c10
Event: 109.869 Thread 0x0000026e73d247f0 flushing  nmethod 0x0000026e62052690
Event: 109.870 Thread 0x0000026e73d247f0 flushing  nmethod 0x0000026e620c8c10
Event: 109.871 Thread 0x0000026e73d247f0 flushing  nmethod 0x0000026e6219cf90

Events (20 events):
Event: 91.804 Thread 0x0000026e2a35cbd0 Thread added: 0x0000026e2a35c1b0
Event: 92.208 Thread 0x0000026e2a35d5f0 Thread exited: 0x0000026e2a35d5f0
Event: 92.208 Thread 0x0000026e2a35db00 Thread exited: 0x0000026e2a35db00
Event: 93.149 Thread 0x0000026e2008a0e0 Thread exited: 0x0000026e2008a0e0
Event: 97.679 Thread 0x0000026e7baa76e0 Thread added: 0x0000026e2a35db00
Event: 97.721 Thread 0x0000026e7baa76e0 Thread added: 0x0000026e2a35f450
Event: 102.568 Thread 0x0000026e7baa6cc0 Thread exited: 0x0000026e7baa6cc0
Event: 105.287 Thread 0x0000026e7baa5880 Thread added: 0x0000026e3716d1c0
Event: 105.313 Thread 0x0000026e3716d1c0 Thread exited: 0x0000026e3716d1c0
Event: 105.359 Thread 0x0000026e200891b0 Thread added: 0x0000026e22d32e40
Event: 105.383 Thread 0x0000026e200891b0 Thread added: 0x0000026e22d32930
Event: 105.619 Thread 0x0000026e7baa5880 Thread added: 0x0000026e20336580
Event: 105.952 Thread 0x0000026e7f009570 Thread exited: 0x0000026e7f009570
Event: 106.181 Thread 0x0000026e7baa5880 Thread added: 0x0000026e20336a90
Event: 106.182 Thread 0x0000026e20336a90 Thread exited: 0x0000026e20336a90
Event: 106.357 Thread 0x0000026e7baa5880 Thread added: 0x0000026e22d33d70
Event: 106.358 Thread 0x0000026e22d33d70 Thread exited: 0x0000026e22d33d70
Event: 106.707 Thread 0x0000026e2a35bca0 Thread added: 0x0000026e2d37c070
Event: 109.277 Thread 0x0000026e1f922be0 Thread exited: 0x0000026e1f922be0
Event: 110.620 Thread 0x0000026e20336580 Thread exited: 0x0000026e20336580


Dynamic libraries:
0x00007ff74d810000 - 0x00007ff74d81e000 	C:\Program Files\Eclipse Adoptium\jdk-17.0.19.10-hotspot\bin\java.exe
0x00007ff80e200000 - 0x00007ff80e466000 	C:\WINDOWS\SYSTEM32\ntdll.dll
0x00007ff80cf80000 - 0x00007ff80d049000 	C:\WINDOWS\System32\KERNEL32.DLL
0x00007ff80b420000 - 0x00007ff80b81e000 	C:\WINDOWS\System32\KERNELBASE.dll
0x00007ff80ba90000 - 0x00007ff80bbdc000 	C:\WINDOWS\System32\ucrtbase.dll
0x00007ffff1280000 - 0x00007ffff129e000 	C:\Program Files\Eclipse Adoptium\jdk-17.0.19.10-hotspot\bin\VCRUNTIME140.dll
0x00007fffecfb0000 - 0x00007fffecfc8000 	C:\Program Files\Eclipse Adoptium\jdk-17.0.19.10-hotspot\bin\jli.dll
0x00007ff80d050000 - 0x00007ff80d217000 	C:\WINDOWS\System32\USER32.dll
0x00007fffef7e0000 - 0x00007fffefa72000 	C:\WINDOWS\WinSxS\amd64_microsoft.windows.common-controls_6595b64144ccf1df_6.0.26100.8875_none_3e0d5d42e32fe9dd\COMCTL32.dll
0x00007ff80b830000 - 0x00007ff80b857000 	C:\WINDOWS\System32\win32u.dll
0x00007ff80deb0000 - 0x00007ff80df59000 	C:\WINDOWS\System32\msvcrt.dll
0x00007ff80cf50000 - 0x00007ff80cf7b000 	C:\WINDOWS\System32\GDI32.dll
0x00007ff80be00000 - 0x00007ff80bf2a000 	C:\WINDOWS\System32\gdi32full.dll
0x00007ff80b860000 - 0x00007ff80b903000 	C:\WINDOWS\System32\msvcp_win.dll
0x00007ff80cf00000 - 0x00007ff80cf32000 	C:\WINDOWS\System32\IMM32.DLL
0x00007ffffa640000 - 0x00007ffffa64c000 	C:\Program Files\Eclipse Adoptium\jdk-17.0.19.10-hotspot\bin\vcruntime140_1.dll
0x00007fffe5110000 - 0x00007fffe519d000 	C:\Program Files\Eclipse Adoptium\jdk-17.0.19.10-hotspot\bin\msvcp140.dll
0x00007fff33870000 - 0x00007fff344dc000 	C:\Program Files\Eclipse Adoptium\jdk-17.0.19.10-hotspot\bin\server\jvm.dll
0x00007ff80dfb0000 - 0x00007ff80e067000 	C:\WINDOWS\System32\ADVAPI32.dll
0x00007ff80e070000 - 0x00007ff80e11a000 	C:\WINDOWS\System32\sechost.dll
0x00007ff80d220000 - 0x00007ff80d338000 	C:\WINDOWS\System32\RPCRT4.dll
0x00007ff80d400000 - 0x00007ff80d480000 	C:\WINDOWS\System32\WS2_32.dll
0x00007ff80b280000 - 0x00007ff80b2de000 	C:\WINDOWS\SYSTEM32\POWRPROF.dll
0x00007ffff8900000 - 0x00007ffff8936000 	C:\WINDOWS\SYSTEM32\WINMM.dll
0x00007ff8029e0000 - 0x00007ff8029eb000 	C:\WINDOWS\SYSTEM32\VERSION.dll
0x00007ff80b260000 - 0x00007ff80b274000 	C:\WINDOWS\SYSTEM32\UMPDC.dll
0x00007ff80a0c0000 - 0x00007ff80a0db000 	C:\WINDOWS\SYSTEM32\kernel.appcore.dll
0x00007fffeb0c0000 - 0x00007fffeb0ca000 	C:\Program Files\Eclipse Adoptium\jdk-17.0.19.10-hotspot\bin\jimage.dll
0x00007ff808940000 - 0x00007ff808b82000 	C:\WINDOWS\SYSTEM32\DBGHELP.DLL
0x00007ff80d6e0000 - 0x00007ff80da63000 	C:\WINDOWS\System32\combase.dll
0x00007ff80d590000 - 0x00007ff80d669000 	C:\WINDOWS\System32\OLEAUT32.dll
0x00007fffef3d0000 - 0x00007fffef40b000 	C:\WINDOWS\SYSTEM32\dbgcore.DLL
0x00007ff80bcb0000 - 0x00007ff80bd5c000 	C:\WINDOWS\System32\bcryptPrimitives.dll
0x00007fffdec50000 - 0x00007fffdec5e000 	C:\Program Files\Eclipse Adoptium\jdk-17.0.19.10-hotspot\bin\instrument.dll
0x00007fffe50e0000 - 0x00007fffe5105000 	C:\Program Files\Eclipse Adoptium\jdk-17.0.19.10-hotspot\bin\java.dll
0x00007fff925f0000 - 0x00007fff926c7000 	C:\Program Files\Eclipse Adoptium\jdk-17.0.19.10-hotspot\bin\jsvml.dll
0x00007ff80c4e0000 - 0x00007ff80cc72000 	C:\WINDOWS\System32\SHELL32.dll
0x00007ff808ea0000 - 0x00007ff809732000 	C:\WINDOWS\SYSTEM32\windows.storage.dll
0x00007ff80d490000 - 0x00007ff80d587000 	C:\WINDOWS\System32\SHCORE.dll
0x00007ff80db00000 - 0x00007ff80db67000 	C:\WINDOWS\System32\shlwapi.dll
0x00007ff80b340000 - 0x00007ff80b369000 	C:\WINDOWS\SYSTEM32\profapi.dll
0x00007fffbefe0000 - 0x00007fffbeff8000 	C:\Program Files\Eclipse Adoptium\jdk-17.0.19.10-hotspot\bin\zip.dll
0x00007fffeb040000 - 0x00007fffeb05a000 	C:\Program Files\Eclipse Adoptium\jdk-17.0.19.10-hotspot\bin\net.dll
0x00007ff8041c0000 - 0x00007ff8042e7000 	C:\WINDOWS\SYSTEM32\WINHTTP.dll
0x00007ff80a650000 - 0x00007ff80a6bc000 	C:\WINDOWS\system32\mswsock.dll
0x00007fffbf9b0000 - 0x00007fffbf9c6000 	C:\Program Files\Eclipse Adoptium\jdk-17.0.19.10-hotspot\bin\nio.dll
0x00007fffeb0b0000 - 0x00007fffeb0c0000 	C:\Program Files\Eclipse Adoptium\jdk-17.0.19.10-hotspot\bin\verify.dll
0x00007fffa6150000 - 0x00007fffa6177000 	C:\Users\Herman\.gradle\native\1def1411415f61bf3af743bc5b6707747c0891f09f0c88961ee8f79bc544acac\windows-amd64\native-platform.dll
0x00007fff92570000 - 0x00007fff925e8000 	C:\Users\Herman\.gradle\native\0.2.7\x86_64-windows-gnu\gradle-fileevents.dll
0x00007fffe9d40000 - 0x00007fffe9d4a000 	C:\Program Files\Eclipse Adoptium\jdk-17.0.19.10-hotspot\bin\management.dll
0x00007fffe5040000 - 0x00007fffe504c000 	C:\Program Files\Eclipse Adoptium\jdk-17.0.19.10-hotspot\bin\management_ext.dll
0x00007ff80cc80000 - 0x00007ff80cc88000 	C:\WINDOWS\System32\PSAPI.DLL
0x00007ff809a70000 - 0x00007ff809aa3000 	C:\WINDOWS\SYSTEM32\IPHLPAPI.DLL
0x00007ff80cf40000 - 0x00007ff80cf4a000 	C:\WINDOWS\System32\NSI.dll
0x00007ff803fa0000 - 0x00007ff803fbd000 	C:\WINDOWS\SYSTEM32\dhcpcsvc6.DLL
0x00007ff803e40000 - 0x00007ff803e65000 	C:\WINDOWS\SYSTEM32\dhcpcsvc.DLL
0x00007ff809b60000 - 0x00007ff809cb6000 	C:\WINDOWS\SYSTEM32\DNSAPI.dll
0x00007ff80a450000 - 0x00007ff80a45d000 	C:\WINDOWS\SYSTEM32\DSPARSE.dll
0x00007fffe43f0000 - 0x00007fffe43f9000 	C:\Program Files\Eclipse Adoptium\jdk-17.0.19.10-hotspot\bin\extnet.dll
0x00007ff80aa80000 - 0x00007ff80aa9b000 	C:\WINDOWS\SYSTEM32\CRYPTSP.dll
0x00007ff80a020000 - 0x00007ff80a059000 	C:\WINDOWS\system32\rsaenh.dll
0x00007ff80a710000 - 0x00007ff80a742000 	C:\WINDOWS\SYSTEM32\USERENV.dll
0x00007ff80b310000 - 0x00007ff80b33a000 	C:\WINDOWS\SYSTEM32\bcrypt.dll
0x00007ff80aa50000 - 0x00007ff80aa5c000 	C:\WINDOWS\SYSTEM32\CRYPTBASE.dll
0x00007fffd5860000 - 0x00007fffd586e000 	C:\Program Files\Eclipse Adoptium\jdk-17.0.19.10-hotspot\bin\sunmscapi.dll
0x00007ff80b910000 - 0x00007ff80ba88000 	C:\WINDOWS\System32\CRYPT32.dll
0x00007ff80abf0000 - 0x00007ff80ac20000 	C:\WINDOWS\SYSTEM32\ncrypt.dll
0x00007ff80aba0000 - 0x00007ff80abdf000 	C:\WINDOWS\SYSTEM32\NTASN1.dll
0x00007fffbe660000 - 0x00007fffbe668000 	C:\WINDOWS\system32\wshunix.dll
0x00007ffff3a70000 - 0x00007ffff3a7b000 	C:\Windows\System32\rasadhlp.dll
0x00007ff803370000 - 0x00007ff8033f6000 	C:\WINDOWS\System32\fwpuclnt.dll
0x00007fffba3e0000 - 0x00007fffba3e7000 	C:\Program Files\Eclipse Adoptium\jdk-17.0.19.10-hotspot\bin\rmi.dll
0x00007ff80a1f0000 - 0x00007ff80a226000 	C:\WINDOWS\SYSTEM32\ntmarta.dll
0x00007fff33250000 - 0x00007fff333e1000 	C:\Program Files\Eclipse Adoptium\jdk-17.0.19.10-hotspot\bin\awt.dll
0x00007ff807bc0000 - 0x00007ff807c60000 	C:\WINDOWS\SYSTEM32\apphelp.dll
0x00007ff807d40000 - 0x00007ff807de9000 	C:\WINDOWS\system32\uxtheme.dll
0x00007ff80dba0000 - 0x00007ff80dcfd000 	C:\WINDOWS\System32\MSCTF.dll
0x00007ff80dd10000 - 0x00007ff80dea9000 	C:\WINDOWS\System32\ole32.dll

dbghelp: loaded successfully - version: 4.0.5 - missing functions: none
symbol engine: initialized successfully - sym options: 0x614 - pdb path: .;C:\Program Files\Eclipse Adoptium\jdk-17.0.19.10-hotspot\bin;C:\WINDOWS\SYSTEM32;C:\WINDOWS\WinSxS\amd64_microsoft.windows.common-controls_6595b64144ccf1df_6.0.26100.8875_none_3e0d5d42e32fe9dd;C:\Program Files\Eclipse Adoptium\jdk-17.0.19.10-hotspot\bin\server;C:\Users\Herman\.gradle\native\1def1411415f61bf3af743bc5b6707747c0891f09f0c88961ee8f79bc544acac\windows-amd64;C:\Users\Herman\.gradle\native\0.2.7\x86_64-windows-gnu

VM Arguments:
jvm_args: --add-opens=java.base/java.lang=ALL-UNNAMED --add-opens=java.base/java.lang.invoke=ALL-UNNAMED --add-opens=java.base/java.util=ALL-UNNAMED --add-opens=java.prefs/java.util.prefs=ALL-UNNAMED --add-exports=jdk.compiler/com.sun.tools.javac.api=ALL-UNNAMED --add-exports=jdk.compiler/com.sun.tools.javac.util=ALL-UNNAMED --add-opens=java.base/java.util=ALL-UNNAMED --add-opens=java.prefs/java.util.prefs=ALL-UNNAMED --add-opens=java.base/java.nio.charset=ALL-UNNAMED --add-opens=java.base/java.net=ALL-UNNAMED --add-opens=java.base/java.util.concurrent.atomic=ALL-UNNAMED --add-opens=java.xml/javax.xml.namespace=ALL-UNNAMED -XX:MaxMetaspaceSize=512m -Xmx2048m -Dfile.encoding=windows-1252 -Duser.country=IN -Duser.language=en -Duser.variant -javaagent:C:\Users\Herman\.gradle\wrapper\dists\gradle-8.14.3-bin\cv11ve7ro1n3o1j4so8xd9n66\gradle-8.14.3\lib\agents\gradle-instrumentation-agent-8.14.3.jar 
java_command: org.gradle.launcher.daemon.bootstrap.GradleDaemon 8.14.3
java_class_path (initial): C:\Users\Herman\.gradle\wrapper\dists\gradle-8.14.3-bin\cv11ve7ro1n3o1j4so8xd9n66\gradle-8.14.3\lib\gradle-daemon-main-8.14.3.jar
Launcher Type: SUN_STANDARD

[Global flags]
     intx CICompilerCount                          = 4                                         {product} {ergonomic}
   size_t CompressedClassSpaceSize                 = 436207616                                 {product} {ergonomic}
     uint ConcGCThreads                            = 3                                         {product} {ergonomic}
     uint G1ConcRefinementThreads                  = 10                                        {product} {ergonomic}
   size_t G1HeapRegionSize                         = 1048576                                   {product} {ergonomic}
    uintx GCDrainStackTargetSize                   = 64                                        {product} {ergonomic}
   size_t InitialHeapSize                          = 534773760                                 {product} {ergonomic}
   size_t MarkStackSize                            = 4194304                                   {product} {ergonomic}
   size_t MaxHeapSize                              = 2147483648                                {product} {command line}
   size_t MaxMetaspaceSize                         = 536870912                                 {product} {command line}
   size_t MaxNewSize                               = 1287651328                                {product} {ergonomic}
   size_t MinHeapDeltaBytes                        = 1048576                                   {product} {ergonomic}
   size_t MinHeapSize                              = 8388608                                   {product} {ergonomic}
    uintx NonNMethodCodeHeapSize                   = 5839372                                {pd product} {ergonomic}
    uintx NonProfiledCodeHeapSize                  = 122909434                              {pd product} {ergonomic}
    uintx ProfiledCodeHeapSize                     = 122909434                              {pd product} {ergonomic}
    uintx ReservedCodeCacheSize                    = 251658240                              {pd product} {ergonomic}
     bool SegmentedCodeCache                       = true                                      {product} {ergonomic}
   size_t SoftMaxHeapSize                          = 2147483648                             {manageable} {ergonomic}
     bool UseCompressedClassPointers               = true                           {product lp64_product} {ergonomic}
     bool UseCompressedOops                        = true                           {product lp64_product} {ergonomic}
     bool UseG1GC                                  = true                                      {product} {ergonomic}
     bool UseLargePagesIndividualAllocation        = false                                  {pd product} {ergonomic}

Logging:
Log output configuration:
 #0: stdout all=warning uptime,level,tags
 #1: stderr all=off uptime,level,tags

Environment Variables:
JAVA_HOME=C:\Program Files\Eclipse Adoptium\jdk-17.0.19.10-hotspot\
PATH=C:\Program Files\WindowsApps\Microsoft.PowerShell_7.6.3.0_x64__8wekyb3d8bbwe;c:\Users\Herman\AppData\Roaming\Code\User\globalStorage\github.copilot-chat\debugCommand;c:\Users\Herman\AppData\Roaming\Code\User\globalStorage\github.copilot-chat\copilotCli;C:\Program Files\Eclipse Adoptium\jdk-17.0.19.10-hotspot\bin;C:\WINDOWS\system32;C:\WINDOWS;C:\WINDOWS\System32\Wbem;C:\WINDOWS\System32\WindowsPowerShell\v1.0\;C:\WINDOWS\System32\OpenSSH\;C:\Program Files\Microsoft SQL Server\120\Tools\Binn\;C:\Program Files\Common Files\Autodesk Shared\;C:\Program Files\Microsoft SQL Server\150\Tools\Binn\;C:\Program Files\Microsoft SQL Server\Client SDK\ODBC\170\Tools\Binn\;C:\Program Files\dotnet\;C:\Program Files (x86)\Intel\Intel(R) Management Engine Components\DAL;C:\Program Files\Intel\Intel(R) Management Engine Components\DAL;C:\Program Files (x86)\Microsoft SQL Server\160\Tools\Binn\;C:\Program Files\Microsoft SQL Server\160\Tools\Binn\;C:\Program Files\Microsoft SQL Server\160\DTS\Binn\;C:\Program Files\nodejs\;C:\Program Files\MySQL\MySQL Server 8.0\bin;C:\Program Files\Microsoft SQL Server\170\Tools\Binn\;C:\Program Files\GitHub CLI\;C:\Program Files (x86)\Yarn\bin\;C:\Program Files (x86)\Windows Kits\10\Windows Performance Toolkit\;C:\Program Files (x86)\cloudflared\;C:\Users\Herman\.local\bin;C:\Users\Herman\AppData\Local\Microsoft\WindowsApps;C:\Users\Herman\AppData\Local\Programs\Microsoft VS Code\bin;C:\Users\Herman\AppData\Local\Programs\Antigravity\bin;C:\Users\Herman\AppData\Local\Programs\Antigravity IDE\bin;C:\Users\Herman\.dotnet\tools;C:\Users\Herman\AppData\Local\Programs\cursor\resources\app\bin;C:\Users\Herman\AppData\Local\Programs\Git\cmd;C:\Users\Herman\AppData\Local\Yarn\bin;C:\Users\Herman\AppData\Local\Python\bin
USERNAME=Herman
LANG=en_US.UTF-8
OS=Windows_NT
PROCESSOR_IDENTIFIER=Intel64 Family 6 Model 158 Stepping 10, GenuineIntel
TMP=C:\Users\Herman\AppData\Local\Temp
TEMP=C:\Users\Herman\AppData\Local\Temp



Periodic native trim disabled


---------------  S Y S T E M  ---------------

OS:
 Windows 11 , 64 bit Build 26100 (10.0.26100.8875)
OS uptime: 6 days 4:52 hours
Hyper-V role detected

CPU: total 12 (initial active 12) (6 cores per cpu, 2 threads per core) family 6 model 158 stepping 10 microcode 0xf8, cx8, cmov, fxsr, ht, mmx, 3dnowpref, sse, sse2, sse3, ssse3, sse4.1, sse4.2, popcnt, lzcnt, tsc, tscinvbit, avx, avx2, aes, erms, clmul, bmi1, bmi2, rtm, adx, fma, vzeroupper, clflush, clflushopt, hv
Processor Information for all 12 processors :
  Max Mhz: 2712, Current Mhz: 2712, Mhz Limit: 2712

Memory: 4k page, system-wide physical 32574M (8569M free)
TotalPageFile size 39482M (AvailPageFile size 32M)
current process WorkingSet (physical memory assigned to process): 2055M, peak: 2059M
current process commit charge ("private bytes"): 2104M, peak: 2108M

vm_info: OpenJDK 64-Bit Server VM (17.0.19+10) for windows-amd64 JRE (17.0.19+10), built on Apr 25 2026 08:04:44 by "admin" with MS VC++ 17.12 (VS2022)

END.
